Id,ActivityHour,StepTotal
1503960366,4/12/2016 12:00:00 AM,373
1503960366,4/12/2016 1:00:00 AM,160
1503960366,4/12/2016 2:00:00 AM,151
1503960366,4/12/2016 3:00:00 AM,0
1503960366,4/12/2016 4:00:00 AM,0
1503960366,4/12/2016 5:00:00 AM,0
1503960366,4/12/2016 6:00:00 AM,0
1503960366,4/12/2016 7:00:00 AM,0
1503960366,4/12/2016 8:00:00 AM,250
1503960366,4/12/2016 9:00:00 AM,1864
1503960366,4/12/2016 10:00:00 AM,676
1503960366,4/12/2016 11:00:00 AM,360
1503960366,4/12/2016 12:00:00 PM,253
1503960366,4/12/2016 1:00:00 PM,221
1503960366,4/12/2016 2:00:00 PM,1166
1503960366,4/12/2016 3:00:00 PM,2063
1503960366,4/12/2016 4:00:00 PM,344
1503960366,4/12/2016 5:00:00 PM,489
1503960366,4/12/2016 6:00:00 PM,1386
1503960366,4/12/2016 7:00:00 PM,558
1503960366,4/12/2016 8:00:00 PM,1733
1503960366,4/12/2016 9:00:00 PM,684
1503960366,4/12/2016 10:00:00 PM,89
1503960366,4/12/2016 11:00:00 PM,338
1503960366,4/13/2016 12:00:00 AM,144
1503960366,4/13/2016 1:00:00 AM,0
1503960366,4/13/2016 2:00:00 AM,0
1503960366,4/13/2016 3:00:00 AM,36
1503960366,4/13/2016 4:00:00 AM,0
1503960366,4/13/2016 5:00:00 AM,0
1503960366,4/13/2016 6:00:00 AM,0
1503960366,4/13/2016 7:00:00 AM,126
1503960366,4/13/2016 8:00:00 AM,275
1503960366,4/13/2016 9:00:00 AM,1679
1503960366,4/13/2016 10:00:00 AM,295
1503960366,4/13/2016 11:00:00 AM,524
1503960366,4/13/2016 12:00:00 PM,486
1503960366,4/13/2016 1:00:00 PM,302
1503960366,4/13/2016 2:00:00 PM,1577
1503960366,4/13/2016 3:00:00 PM,493
1503960366,4/13/2016 4:00:00 PM,299
1503960366,4/13/2016 5:00:00 PM,695
1503960366,4/13/2016 6:00:00 PM,1343
1503960366,4/13/2016 7:00:00 PM,258
1503960366,4/13/2016 8:00:00 PM,0
1503960366,4/13/2016 9:00:00 PM,0
1503960366,4/13/2016 10:00:00 PM,437
1503960366,4/13/2016 11:00:00 PM,1766
1503960366,4/14/2016 12:00:00 AM,81
1503960366,4/14/2016 1:00:00 AM,58
1503960366,4/14/2016 2:00:00 AM,0
1503960366,4/14/2016 3:00:00 AM,0
1503960366,4/14/2016 4:00:00 AM,0
1503960366,4/14/2016 5:00:00 AM,0
1503960366,4/14/2016 6:00:00 AM,0
1503960366,4/14/2016 7:00:00 AM,0
1503960366,4/14/2016 8:00:00 AM,0
1503960366,4/14/2016 9:00:00 AM,902
1503960366,4/14/2016 10:00:00 AM,1106
1503960366,4/14/2016 11:00:00 AM,50
1503960366,4/14/2016 12:00:00 PM,501
1503960366,4/14/2016 1:00:00 PM,1779
1503960366,4/14/2016 2:00:00 PM,1228
1503960366,4/14/2016 3:00:00 PM,139
1503960366,4/14/2016 4:00:00 PM,408
1503960366,4/14/2016 5:00:00 PM,37
1503960366,4/14/2016 6:00:00 PM,322
1503960366,4/14/2016 7:00:00 PM,11
1503960366,4/14/2016 8:00:00 PM,806
1503960366,4/14/2016 9:00:00 PM,2670
1503960366,4/14/2016 10:00:00 PM,362
1503960366,4/14/2016 11:00:00 PM,0
1503960366,4/15/2016 12:00:00 AM,83
1503960366,4/15/2016 1:00:00 AM,75
1503960366,4/15/2016 2:00:00 AM,124
1503960366,4/15/2016 3:00:00 AM,0
1503960366,4/15/2016 4:00:00 AM,0
1503960366,4/15/2016 5:00:00 AM,26
1503960366,4/15/2016 6:00:00 AM,0
1503960366,4/15/2016 7:00:00 AM,7
1503960366,4/15/2016 8:00:00 AM,55
1503960366,4/15/2016 9:00:00 AM,21
1503960366,4/15/2016 10:00:00 AM,154
1503960366,4/15/2016 11:00:00 AM,425
1503960366,4/15/2016 12:00:00 PM,270
1503960366,4/15/2016 1:00:00 PM,373
1503960366,4/15/2016 2:00:00 PM,0
1503960366,4/15/2016 3:00:00 PM,0
1503960366,4/15/2016 4:00:00 PM,0
1503960366,4/15/2016 5:00:00 PM,1774
1503960366,4/15/2016 6:00:00 PM,509
1503960366,4/15/2016 7:00:00 PM,519
1503960366,4/15/2016 8:00:00 PM,77
1503960366,4/15/2016 9:00:00 PM,280
1503960366,4/15/2016 10:00:00 PM,2145
1503960366,4/15/2016 11:00:00 PM,2768
1503960366,4/16/2016 12:00:00 AM,459
1503960366,4/16/2016 1:00:00 AM,0
1503960366,4/16/2016 2:00:00 AM,63
1503960366,4/16/2016 3:00:00 AM,6
1503960366,4/16/2016 4:00:00 AM,6
1503960366,4/16/2016 5:00:00 AM,12
1503960366,4/16/2016 6:00:00 AM,0
1503960366,4/16/2016 7:00:00 AM,101
1503960366,4/16/2016 8:00:00 AM,175
1503960366,4/16/2016 9:00:00 AM,1181
1503960366,4/16/2016 10:00:00 AM,1295
1503960366,4/16/2016 11:00:00 AM,2043
1503960366,4/16/2016 12:00:00 PM,1513
1503960366,4/16/2016 1:00:00 PM,3616
1503960366,4/16/2016 2:00:00 PM,580
1503960366,4/16/2016 3:00:00 PM,0
1503960366,4/16/2016 4:00:00 PM,15
1503960366,4/16/2016 5:00:00 PM,380
1503960366,4/16/2016 6:00:00 PM,96
1503960366,4/16/2016 7:00:00 PM,146
1503960366,4/16/2016 8:00:00 PM,385
1503960366,4/16/2016 9:00:00 PM,463
1503960366,4/16/2016 10:00:00 PM,42
1503960366,4/16/2016 11:00:00 PM,92
1503960366,4/17/2016 12:00:00 AM,0
1503960366,4/17/2016 1:00:00 AM,0
1503960366,4/17/2016 2:00:00 AM,0
1503960366,4/17/2016 3:00:00 AM,8
1503960366,4/17/2016 4:00:00 AM,0
1503960366,4/17/2016 5:00:00 AM,0
1503960366,4/17/2016 6:00:00 AM,0
1503960366,4/17/2016 7:00:00 AM,0
1503960366,4/17/2016 8:00:00 AM,0
1503960366,4/17/2016 9:00:00 AM,0
1503960366,4/17/2016 10:00:00 AM,0
1503960366,4/17/2016 11:00:00 AM,84
1503960366,4/17/2016 12:00:00 PM,260
1503960366,4/17/2016 1:00:00 PM,402
1503960366,4/17/2016 2:00:00 PM,252
1503960366,4/17/2016 3:00:00 PM,191
1503960366,4/17/2016 4:00:00 PM,13
1503960366,4/17/2016 5:00:00 PM,2613
1503960366,4/17/2016 6:00:00 PM,1616
1503960366,4/17/2016 7:00:00 PM,754
1503960366,4/17/2016 8:00:00 PM,2955
1503960366,4/17/2016 9:00:00 PM,487
1503960366,4/17/2016 10:00:00 PM,70
1503960366,4/17/2016 11:00:00 PM,0
1503960366,4/18/2016 12:00:00 AM,416
1503960366,4/18/2016 1:00:00 AM,0
1503960366,4/18/2016 2:00:00 AM,0
1503960366,4/18/2016 3:00:00 AM,0
1503960366,4/18/2016 4:00:00 AM,0
1503960366,4/18/2016 5:00:00 AM,0
1503960366,4/18/2016 6:00:00 AM,0
1503960366,4/18/2016 7:00:00 AM,0
1503960366,4/18/2016 8:00:00 AM,0
1503960366,4/18/2016 9:00:00 AM,1688
1503960366,4/18/2016 10:00:00 AM,380
1503960366,4/18/2016 11:00:00 AM,328
1503960366,4/18/2016 12:00:00 PM,1306
1503960366,4/18/2016 1:00:00 PM,268
1503960366,4/18/2016 2:00:00 PM,137
1503960366,4/18/2016 3:00:00 PM,495
1503960366,4/18/2016 4:00:00 PM,277
1503960366,4/18/2016 5:00:00 PM,304
1503960366,4/18/2016 6:00:00 PM,4074
1503960366,4/18/2016 7:00:00 PM,2101
1503960366,4/18/2016 8:00:00 PM,28
1503960366,4/18/2016 9:00:00 PM,187
1503960366,4/18/2016 10:00:00 PM,542
1503960366,4/18/2016 11:00:00 PM,488
1503960366,4/19/2016 12:00:00 AM,0
1503960366,4/19/2016 1:00:00 AM,22
1503960366,4/19/2016 2:00:00 AM,0
1503960366,4/19/2016 3:00:00 AM,9
1503960366,4/19/2016 4:00:00 AM,0
1503960366,4/19/2016 5:00:00 AM,0
1503960366,4/19/2016 6:00:00 AM,7
1503960366,4/19/2016 7:00:00 AM,316
1503960366,4/19/2016 8:00:00 AM,1656
1503960366,4/19/2016 9:00:00 AM,367
1503960366,4/19/2016 10:00:00 AM,203
1503960366,4/19/2016 11:00:00 AM,194
1503960366,4/19/2016 12:00:00 PM,1887
1503960366,4/19/2016 1:00:00 PM,2697
1503960366,4/19/2016 2:00:00 PM,409
1503960366,4/19/2016 3:00:00 PM,299
1503960366,4/19/2016 4:00:00 PM,297
1503960366,4/19/2016 5:00:00 PM,732
1503960366,4/19/2016 6:00:00 PM,1280
1503960366,4/19/2016 7:00:00 PM,397
1503960366,4/19/2016 8:00:00 PM,2487
1503960366,4/19/2016 9:00:00 PM,826
1503960366,4/19/2016 10:00:00 PM,52
1503960366,4/19/2016 11:00:00 PM,1369
1503960366,4/20/2016 12:00:00 AM,16
1503960366,4/20/2016 1:00:00 AM,36
1503960366,4/20/2016 2:00:00 AM,0
1503960366,4/20/2016 3:00:00 AM,0
1503960366,4/20/2016 4:00:00 AM,0
1503960366,4/20/2016 5:00:00 AM,0
1503960366,4/20/2016 6:00:00 AM,0
1503960366,4/20/2016 7:00:00 AM,29
1503960366,4/20/2016 8:00:00 AM,264
1503960366,4/20/2016 9:00:00 AM,1993
1503960366,4/20/2016 10:00:00 AM,459
1503960366,4/20/2016 11:00:00 AM,65
1503960366,4/20/2016 12:00:00 PM,185
1503960366,4/20/2016 1:00:00 PM,64
1503960366,4/20/2016 2:00:00 PM,1270
1503960366,4/20/2016 3:00:00 PM,797
1503960366,4/20/2016 4:00:00 PM,261
1503960366,4/20/2016 5:00:00 PM,13
1503960366,4/20/2016 6:00:00 PM,1308
1503960366,4/20/2016 7:00:00 PM,1558
1503960366,4/20/2016 8:00:00 PM,499
1503960366,4/20/2016 9:00:00 PM,395
1503960366,4/20/2016 10:00:00 PM,77
1503960366,4/20/2016 11:00:00 PM,1255
1503960366,4/21/2016 12:00:00 AM,17
1503960366,4/21/2016 1:00:00 AM,129
1503960366,4/21/2016 2:00:00 AM,81
1503960366,4/21/2016 3:00:00 AM,0
1503960366,4/21/2016 4:00:00 AM,0
1503960366,4/21/2016 5:00:00 AM,0
1503960366,4/21/2016 6:00:00 AM,0
1503960366,4/21/2016 7:00:00 AM,38
1503960366,4/21/2016 8:00:00 AM,245
1503960366,4/21/2016 9:00:00 AM,1672
1503960366,4/21/2016 10:00:00 AM,255
1503960366,4/21/2016 11:00:00 AM,0
1503960366,4/21/2016 12:00:00 PM,384
1503960366,4/21/2016 1:00:00 PM,1140
1503960366,4/21/2016 2:00:00 PM,12
1503960366,4/21/2016 3:00:00 PM,213
1503960366,4/21/2016 4:00:00 PM,26
1503960366,4/21/2016 5:00:00 PM,96
1503960366,4/21/2016 6:00:00 PM,213
1503960366,4/21/2016 7:00:00 PM,100
1503960366,4/21/2016 8:00:00 PM,3541
1503960366,4/21/2016 9:00:00 PM,970
1503960366,4/21/2016 10:00:00 PM,89
1503960366,4/21/2016 11:00:00 PM,598
1503960366,4/22/2016 12:00:00 AM,0
1503960366,4/22/2016 1:00:00 AM,0
1503960366,4/22/2016 2:00:00 AM,0
1503960366,4/22/2016 3:00:00 AM,0
1503960366,4/22/2016 4:00:00 AM,0
1503960366,4/22/2016 5:00:00 AM,0
1503960366,4/22/2016 6:00:00 AM,0
1503960366,4/22/2016 7:00:00 AM,0
1503960366,4/22/2016 8:00:00 AM,0
1503960366,4/22/2016 9:00:00 AM,192
1503960366,4/22/2016 10:00:00 AM,29
1503960366,4/22/2016 11:00:00 AM,958
1503960366,4/22/2016 12:00:00 PM,38
1503960366,4/22/2016 1:00:00 PM,118
1503960366,4/22/2016 2:00:00 PM,0
1503960366,4/22/2016 3:00:00 PM,180
1503960366,4/22/2016 4:00:00 PM,22
1503960366,4/22/2016 5:00:00 PM,1041
1503960366,4/22/2016 6:00:00 PM,514
1503960366,4/22/2016 7:00:00 PM,629
1503960366,4/22/2016 8:00:00 PM,329
1503960366,4/22/2016 9:00:00 PM,5934
1503960366,4/22/2016 10:00:00 PM,855
1503960366,4/22/2016 11:00:00 PM,1925
1503960366,4/23/2016 12:00:00 AM,182
1503960366,4/23/2016 1:00:00 AM,0
1503960366,4/23/2016 2:00:00 AM,11
1503960366,4/23/2016 3:00:00 AM,0
1503960366,4/23/2016 4:00:00 AM,0
1503960366,4/23/2016 5:00:00 AM,0
1503960366,4/23/2016 6:00:00 AM,12
1503960366,4/23/2016 7:00:00 AM,0
1503960366,4/23/2016 8:00:00 AM,127
1503960366,4/23/2016 9:00:00 AM,285
1503960366,4/23/2016 10:00:00 AM,49
1503960366,4/23/2016 11:00:00 AM,703
1503960366,4/23/2016 12:00:00 PM,1597
1503960366,4/23/2016 1:00:00 PM,1453
1503960366,4/23/2016 2:00:00 PM,202
1503960366,4/23/2016 3:00:00 PM,158
1503960366,4/23/2016 4:00:00 PM,2008
1503960366,4/23/2016 5:00:00 PM,1472
1503960366,4/23/2016 6:00:00 PM,2569
1503960366,4/23/2016 7:00:00 PM,29
1503960366,4/23/2016 8:00:00 PM,142
1503960366,4/23/2016 9:00:00 PM,2432
1503960366,4/23/2016 10:00:00 PM,709
1503960366,4/23/2016 11:00:00 PM,231
1503960366,4/24/2016 12:00:00 AM,141
1503960366,4/24/2016 1:00:00 AM,42
1503960366,4/24/2016 2:00:00 AM,0
1503960366,4/24/2016 3:00:00 AM,0
1503960366,4/24/2016 4:00:00 AM,8
1503960366,4/24/2016 5:00:00 AM,0
1503960366,4/24/2016 6:00:00 AM,7
1503960366,4/24/2016 7:00:00 AM,0
1503960366,4/24/2016 8:00:00 AM,8
1503960366,4/24/2016 9:00:00 AM,76
1503960366,4/24/2016 10:00:00 AM,492
1503960366,4/24/2016 11:00:00 AM,149
1503960366,4/24/2016 12:00:00 PM,548
1503960366,4/24/2016 1:00:00 PM,394
1503960366,4/24/2016 2:00:00 PM,26
1503960366,4/24/2016 3:00:00 PM,27
1503960366,4/24/2016 4:00:00 PM,885
1503960366,4/24/2016 5:00:00 PM,411
1503960366,4/24/2016 6:00:00 PM,911
1503960366,4/24/2016 7:00:00 PM,4871
1503960366,4/24/2016 8:00:00 PM,342
1503960366,4/24/2016 9:00:00 PM,244
1503960366,4/24/2016 10:00:00 PM,66
1503960366,4/24/2016 11:00:00 PM,391
1503960366,4/25/2016 12:00:00 AM,95
1503960366,4/25/2016 1:00:00 AM,22
1503960366,4/25/2016 2:00:00 AM,97
1503960366,4/25/2016 3:00:00 AM,0
1503960366,4/25/2016 4:00:00 AM,25
1503960366,4/25/2016 5:00:00 AM,4
1503960366,4/25/2016 6:00:00 AM,0
1503960366,4/25/2016 7:00:00 AM,44
1503960366,4/25/2016 8:00:00 AM,426
1503960366,4/25/2016 9:00:00 AM,2041
1503960366,4/25/2016 10:00:00 AM,258
1503960366,4/25/2016 11:00:00 AM,1468
1503960366,4/25/2016 12:00:00 PM,707
1503960366,4/25/2016 1:00:00 PM,299
1503960366,4/25/2016 2:00:00 PM,94
1503960366,4/25/2016 3:00:00 PM,359
1503960366,4/25/2016 4:00:00 PM,263
1503960366,4/25/2016 5:00:00 PM,188
1503960366,4/25/2016 6:00:00 PM,116
1503960366,4/25/2016 7:00:00 PM,2815
1503960366,4/25/2016 8:00:00 PM,895
1503960366,4/25/2016 9:00:00 PM,4895
1503960366,4/25/2016 10:00:00 PM,188
1503960366,4/25/2016 11:00:00 PM,56
1503960366,4/26/2016 12:00:00 AM,101
1503960366,4/26/2016 1:00:00 AM,178
1503960366,4/26/2016 2:00:00 AM,0
1503960366,4/26/2016 3:00:00 AM,145
1503960366,4/26/2016 4:00:00 AM,0
1503960366,4/26/2016 5:00:00 AM,7
1503960366,4/26/2016 6:00:00 AM,0
1503960366,4/26/2016 7:00:00 AM,28
1503960366,4/26/2016 8:00:00 AM,173
1503960366,4/26/2016 9:00:00 AM,1826
1503960366,4/26/2016 10:00:00 AM,666
1503960366,4/26/2016 11:00:00 AM,266
1503960366,4/26/2016 12:00:00 PM,415
1503960366,4/26/2016 1:00:00 PM,1571
1503960366,4/26/2016 2:00:00 PM,1998
1503960366,4/26/2016 3:00:00 PM,323
1503960366,4/26/2016 4:00:00 PM,697
1503960366,4/26/2016 5:00:00 PM,143
1503960366,4/26/2016 6:00:00 PM,2513
1503960366,4/26/2016 7:00:00 PM,148
1503960366,4/26/2016 8:00:00 PM,1649
1503960366,4/26/2016 9:00:00 PM,450
1503960366,4/26/2016 10:00:00 PM,148
1503960366,4/26/2016 11:00:00 PM,310
1503960366,4/27/2016 12:00:00 AM,277
1503960366,4/27/2016 1:00:00 AM,60
1503960366,4/27/2016 2:00:00 AM,17
1503960366,4/27/2016 3:00:00 AM,0
1503960366,4/27/2016 4:00:00 AM,0
1503960366,4/27/2016 5:00:00 AM,0
1503960366,4/27/2016 6:00:00 AM,0
1503960366,4/27/2016 7:00:00 AM,0
1503960366,4/27/2016 8:00:00 AM,0
1503960366,4/27/2016 9:00:00 AM,1916
1503960366,4/27/2016 10:00:00 AM,502
1503960366,4/27/2016 11:00:00 AM,797
1503960366,4/27/2016 12:00:00 PM,701
1503960366,4/27/2016 1:00:00 PM,319
1503960366,4/27/2016 2:00:00 PM,1932
1503960366,4/27/2016 3:00:00 PM,59
1503960366,4/27/2016 4:00:00 PM,98
1503960366,4/27/2016 5:00:00 PM,261
1503960366,4/27/2016 6:00:00 PM,2714
1503960366,4/27/2016 7:00:00 PM,5786
1503960366,4/27/2016 8:00:00 PM,2420
1503960366,4/27/2016 9:00:00 PM,266
1503960366,4/27/2016 10:00:00 PM,0
1503960366,4/27/2016 11:00:00 PM,0
1503960366,4/28/2016 12:00:00 AM,0
1503960366,4/28/2016 1:00:00 AM,127
1503960366,4/28/2016 2:00:00 AM,0
1503960366,4/28/2016 3:00:00 AM,0
1503960366,4/28/2016 4:00:00 AM,0
1503960366,4/28/2016 5:00:00 AM,0
1503960366,4/28/2016 6:00:00 AM,0
1503960366,4/28/2016 7:00:00 AM,14
1503960366,4/28/2016 8:00:00 AM,128
1503960366,4/28/2016 9:00:00 AM,1192
1503960366,4/28/2016 10:00:00 AM,987
1503960366,4/28/2016 11:00:00 AM,288
1503960366,4/28/2016 12:00:00 PM,317
1503960366,4/28/2016 1:00:00 PM,1144
1503960366,4/28/2016 2:00:00 PM,1512
1503960366,4/28/2016 3:00:00 PM,115
1503960366,4/28/2016 4:00:00 PM,554
1503960366,4/28/2016 5:00:00 PM,235
1503960366,4/28/2016 6:00:00 PM,1829
1503960366,4/28/2016 7:00:00 PM,13
1503960366,4/28/2016 8:00:00 PM,2122
1503960366,4/28/2016 9:00:00 PM,986
1503960366,4/28/2016 10:00:00 PM,16
1503960366,4/28/2016 11:00:00 PM,1512
1503960366,4/29/2016 12:00:00 AM,202
1503960366,4/29/2016 1:00:00 AM,0
1503960366,4/29/2016 2:00:00 AM,71
1503960366,4/29/2016 3:00:00 AM,0
1503960366,4/29/2016 4:00:00 AM,0
1503960366,4/29/2016 5:00:00 AM,0
1503960366,4/29/2016 6:00:00 AM,0
1503960366,4/29/2016 7:00:00 AM,27
1503960366,4/29/2016 8:00:00 AM,201
1503960366,4/29/2016 9:00:00 AM,1820
1503960366,4/29/2016 10:00:00 AM,44
1503960366,4/29/2016 11:00:00 AM,104
1503960366,4/29/2016 12:00:00 PM,214
1503960366,4/29/2016 1:00:00 PM,41
1503960366,4/29/2016 2:00:00 PM,1711
1503960366,4/29/2016 3:00:00 PM,1076
1503960366,4/29/2016 4:00:00 PM,285
1503960366,4/29/2016 5:00:00 PM,380
1503960366,4/29/2016 6:00:00 PM,118
1503960366,4/29/2016 7:00:00 PM,267
1503960366,4/29/2016 8:00:00 PM,386
1503960366,4/29/2016 9:00:00 PM,1366
1503960366,4/29/2016 10:00:00 PM,1111
1503960366,4/29/2016 11:00:00 PM,1757
1503960366,4/30/2016 12:00:00 AM,19
1503960366,4/30/2016 1:00:00 AM,65
1503960366,4/30/2016 2:00:00 AM,0
1503960366,4/30/2016 3:00:00 AM,6
1503960366,4/30/2016 4:00:00 AM,0
1503960366,4/30/2016 5:00:00 AM,0
1503960366,4/30/2016 6:00:00 AM,0
1503960366,4/30/2016 7:00:00 AM,0
1503960366,4/30/2016 8:00:00 AM,60
1503960366,4/30/2016 9:00:00 AM,148
1503960366,4/30/2016 10:00:00 AM,239
1503960366,4/30/2016 11:00:00 AM,127
1503960366,4/30/2016 12:00:00 PM,92
1503960366,4/30/2016 1:00:00 PM,141
1503960366,4/30/2016 2:00:00 PM,520
1503960366,4/30/2016 3:00:00 PM,993
1503960366,4/30/2016 4:00:00 PM,3388
1503960366,4/30/2016 5:00:00 PM,2176
1503960366,4/30/2016 6:00:00 PM,2319
1503960366,4/30/2016 7:00:00 PM,92
1503960366,4/30/2016 8:00:00 PM,117
1503960366,4/30/2016 9:00:00 PM,840
1503960366,4/30/2016 10:00:00 PM,2139
1503960366,4/30/2016 11:00:00 PM,1192
1503960366,5/1/2016 12:00:00 AM,247
1503960366,5/1/2016 1:00:00 AM,59
1503960366,5/1/2016 2:00:00 AM,36
1503960366,5/1/2016 3:00:00 AM,4
1503960366,5/1/2016 4:00:00 AM,0
1503960366,5/1/2016 5:00:00 AM,0
1503960366,5/1/2016 6:00:00 AM,0
1503960366,5/1/2016 7:00:00 AM,41
1503960366,5/1/2016 8:00:00 AM,94
1503960366,5/1/2016 9:00:00 AM,198
1503960366,5/1/2016 10:00:00 AM,146
1503960366,5/1/2016 11:00:00 AM,103
1503960366,5/1/2016 12:00:00 PM,130
1503960366,5/1/2016 1:00:00 PM,85
1503960366,5/1/2016 2:00:00 PM,540
1503960366,5/1/2016 3:00:00 PM,294
1503960366,5/1/2016 4:00:00 PM,823
1503960366,5/1/2016 5:00:00 PM,1053
1503960366,5/1/2016 6:00:00 PM,2007
1503960366,5/1/2016 7:00:00 PM,177
1503960366,5/1/2016 8:00:00 PM,93
1503960366,5/1/2016 9:00:00 PM,363
1503960366,5/1/2016 10:00:00 PM,1552
1503960366,5/1/2016 11:00:00 PM,2557
1503960366,5/2/2016 12:00:00 AM,0
1503960366,5/2/2016 1:00:00 AM,119
1503960366,5/2/2016 2:00:00 AM,0
1503960366,5/2/2016 3:00:00 AM,21
1503960366,5/2/2016 4:00:00 AM,0
1503960366,5/2/2016 5:00:00 AM,0
1503960366,5/2/2016 6:00:00 AM,0
1503960366,5/2/2016 7:00:00 AM,28
1503960366,5/2/2016 8:00:00 AM,245
1503960366,5/2/2016 9:00:00 AM,1690
1503960366,5/2/2016 10:00:00 AM,369
1503960366,5/2/2016 11:00:00 AM,384
1503960366,5/2/2016 12:00:00 PM,2116
1503960366,5/2/2016 1:00:00 PM,1064
1503960366,5/2/2016 2:00:00 PM,355
1503960366,5/2/2016 3:00:00 PM,418
1503960366,5/2/2016 4:00:00 PM,420
1503960366,5/2/2016 5:00:00 PM,340
1503960366,5/2/2016 6:00:00 PM,227
1503960366,5/2/2016 7:00:00 PM,235
1503960366,5/2/2016 8:00:00 PM,3903
1503960366,5/2/2016 9:00:00 PM,1427
1503960366,5/2/2016 10:00:00 PM,945
1503960366,5/2/2016 11:00:00 PM,404
1503960366,5/3/2016 12:00:00 AM,55
1503960366,5/3/2016 1:00:00 AM,79
1503960366,5/3/2016 2:00:00 AM,20
1503960366,5/3/2016 3:00:00 AM,110
1503960366,5/3/2016 4:00:00 AM,0
1503960366,5/3/2016 5:00:00 AM,0
1503960366,5/3/2016 6:00:00 AM,16
1503960366,5/3/2016 7:00:00 AM,23
1503960366,5/3/2016 8:00:00 AM,158
1503960366,5/3/2016 9:00:00 AM,1391
1503960366,5/3/2016 10:00:00 AM,955
1503960366,5/3/2016 11:00:00 AM,297
1503960366,5/3/2016 12:00:00 PM,396
1503960366,5/3/2016 1:00:00 PM,309
1503960366,5/3/2016 2:00:00 PM,384
1503960366,5/3/2016 3:00:00 PM,1719
1503960366,5/3/2016 4:00:00 PM,870
1503960366,5/3/2016 5:00:00 PM,690
1503960366,5/3/2016 6:00:00 PM,3119
1503960366,5/3/2016 7:00:00 PM,140
1503960366,5/3/2016 8:00:00 PM,6
1503960366,5/3/2016 9:00:00 PM,1333
1503960366,5/3/2016 10:00:00 PM,2549
1503960366,5/3/2016 11:00:00 PM,484
1503960366,5/4/2016 12:00:00 AM,400
1503960366,5/4/2016 1:00:00 AM,18
1503960366,5/4/2016 2:00:00 AM,0
1503960366,5/4/2016 3:00:00 AM,0
1503960366,5/4/2016 4:00:00 AM,0
1503960366,5/4/2016 5:00:00 AM,0
1503960366,5/4/2016 6:00:00 AM,0
1503960366,5/4/2016 7:00:00 AM,0
1503960366,5/4/2016 8:00:00 AM,68
1503960366,5/4/2016 9:00:00 AM,1470
1503960366,5/4/2016 10:00:00 AM,598
1503960366,5/4/2016 11:00:00 AM,194
1503960366,5/4/2016 12:00:00 PM,366
1503960366,5/4/2016 1:00:00 PM,318
1503960366,5/4/2016 2:00:00 PM,2284
1503960366,5/4/2016 3:00:00 PM,138
1503960366,5/4/2016 4:00:00 PM,144
1503960366,5/4/2016 5:00:00 PM,341
1503960366,5/4/2016 6:00:00 PM,2041
1503960366,5/4/2016 7:00:00 PM,205
1503960366,5/4/2016 8:00:00 PM,1316
1503960366,5/4/2016 9:00:00 PM,1106
1503960366,5/4/2016 10:00:00 PM,93
1503960366,5/4/2016 11:00:00 PM,0
1503960366,5/5/2016 12:00:00 AM,70
1503960366,5/5/2016 1:00:00 AM,113
1503960366,5/5/2016 2:00:00 AM,19
1503960366,5/5/2016 3:00:00 AM,0
1503960366,5/5/2016 4:00:00 AM,44
1503960366,5/5/2016 5:00:00 AM,0
1503960366,5/5/2016 6:00:00 AM,8
1503960366,5/5/2016 7:00:00 AM,23
1503960366,5/5/2016 8:00:00 AM,107
1503960366,5/5/2016 9:00:00 AM,1615
1503960366,5/5/2016 10:00:00 AM,360
1503960366,5/5/2016 11:00:00 AM,28
1503960366,5/5/2016 12:00:00 PM,318
1503960366,5/5/2016 1:00:00 PM,1231
1503960366,5/5/2016 2:00:00 PM,375
1503960366,5/5/2016 3:00:00 PM,187
1503960366,5/5/2016 4:00:00 PM,989
1503960366,5/5/2016 5:00:00 PM,2217
1503960366,5/5/2016 6:00:00 PM,715
1503960366,5/5/2016 7:00:00 PM,348
1503960366,5/5/2016 8:00:00 PM,283
1503960366,5/5/2016 9:00:00 PM,3897
1503960366,5/5/2016 10:00:00 PM,900
1503960366,5/5/2016 11:00:00 PM,200
1503960366,5/6/2016 12:00:00 AM,186
1503960366,5/6/2016 1:00:00 AM,4
1503960366,5/6/2016 2:00:00 AM,88
1503960366,5/6/2016 3:00:00 AM,0
1503960366,5/6/2016 4:00:00 AM,19
1503960366,5/6/2016 5:00:00 AM,0
1503960366,5/6/2016 6:00:00 AM,0
1503960366,5/6/2016 7:00:00 AM,23
1503960366,5/6/2016 8:00:00 AM,146
1503960366,5/6/2016 9:00:00 AM,1683
1503960366,5/6/2016 10:00:00 AM,504
1503960366,5/6/2016 11:00:00 AM,234
1503960366,5/6/2016 12:00:00 PM,261
1503960366,5/6/2016 1:00:00 PM,175
1503960366,5/6/2016 2:00:00 PM,535
1503960366,5/6/2016 3:00:00 PM,900
1503960366,5/6/2016 4:00:00 PM,335
1503960366,5/6/2016 5:00:00 PM,279
1503960366,5/6/2016 6:00:00 PM,1532
1503960366,5/6/2016 7:00:00 PM,2500
1503960366,5/6/2016 8:00:00 PM,255
1503960366,5/6/2016 9:00:00 PM,514
1503960366,5/6/2016 10:00:00 PM,375
1503960366,5/6/2016 11:00:00 PM,1611
1503960366,5/7/2016 12:00:00 AM,168
1503960366,5/7/2016 1:00:00 AM,0
1503960366,5/7/2016 2:00:00 AM,19
1503960366,5/7/2016 3:00:00 AM,0
1503960366,5/7/2016 4:00:00 AM,0
1503960366,5/7/2016 5:00:00 AM,0
1503960366,5/7/2016 6:00:00 AM,0
1503960366,5/7/2016 7:00:00 AM,0
1503960366,5/7/2016 8:00:00 AM,132
1503960366,5/7/2016 9:00:00 AM,115
1503960366,5/7/2016 10:00:00 AM,1291
1503960366,5/7/2016 11:00:00 AM,2352
1503960366,5/7/2016 12:00:00 PM,129
1503960366,5/7/2016 1:00:00 PM,77
1503960366,5/7/2016 2:00:00 PM,125
1503960366,5/7/2016 3:00:00 PM,318
1503960366,5/7/2016 4:00:00 PM,259
1503960366,5/7/2016 5:00:00 PM,173
1503960366,5/7/2016 6:00:00 PM,253
1503960366,5/7/2016 7:00:00 PM,652
1503960366,5/7/2016 8:00:00 PM,102
1503960366,5/7/2016 9:00:00 PM,2073
1503960366,5/7/2016 10:00:00 PM,3696
1503960366,5/7/2016 11:00:00 PM,58
1503960366,5/8/2016 12:00:00 AM,147
1503960366,5/8/2016 1:00:00 AM,0
1503960366,5/8/2016 2:00:00 AM,0
1503960366,5/8/2016 3:00:00 AM,0
1503960366,5/8/2016 4:00:00 AM,6
1503960366,5/8/2016 5:00:00 AM,0
1503960366,5/8/2016 6:00:00 AM,7
1503960366,5/8/2016 7:00:00 AM,0
1503960366,5/8/2016 8:00:00 AM,0
1503960366,5/8/2016 9:00:00 AM,0
1503960366,5/8/2016 10:00:00 AM,0
1503960366,5/8/2016 11:00:00 AM,0
1503960366,5/8/2016 12:00:00 PM,511
1503960366,5/8/2016 1:00:00 PM,227
1503960366,5/8/2016 2:00:00 PM,660
1503960366,5/8/2016 3:00:00 PM,341
1503960366,5/8/2016 4:00:00 PM,100
1503960366,5/8/2016 5:00:00 PM,240
1503960366,5/8/2016 6:00:00 PM,4472
1503960366,5/8/2016 7:00:00 PM,1069
1503960366,5/8/2016 8:00:00 PM,793
1503960366,5/8/2016 9:00:00 PM,663
1503960366,5/8/2016 10:00:00 PM,553
1503960366,5/8/2016 11:00:00 PM,271
1503960366,5/9/2016 12:00:00 AM,135
1503960366,5/9/2016 1:00:00 AM,0
1503960366,5/9/2016 2:00:00 AM,0
1503960366,5/9/2016 3:00:00 AM,0
1503960366,5/9/2016 4:00:00 AM,0
1503960366,5/9/2016 5:00:00 AM,14
1503960366,5/9/2016 6:00:00 AM,408
1503960366,5/9/2016 7:00:00 AM,214
1503960366,5/9/2016 8:00:00 AM,109
1503960366,5/9/2016 9:00:00 AM,160
1503960366,5/9/2016 10:00:00 AM,322
1503960366,5/9/2016 11:00:00 AM,477
1503960366,5/9/2016 12:00:00 PM,507
1503960366,5/9/2016 1:00:00 PM,7
1503960366,5/9/2016 2:00:00 PM,0
1503960366,5/9/2016 3:00:00 PM,22
1503960366,5/9/2016 4:00:00 PM,2692
1503960366,5/9/2016 5:00:00 PM,1260
1503960366,5/9/2016 6:00:00 PM,624
1503960366,5/9/2016 7:00:00 PM,1062
1503960366,5/9/2016 8:00:00 PM,1325
1503960366,5/9/2016 9:00:00 PM,2684
1503960366,5/9/2016 10:00:00 PM,0
1503960366,5/9/2016 11:00:00 PM,0
1503960366,5/10/2016 12:00:00 AM,0
1503960366,5/10/2016 1:00:00 AM,92
1503960366,5/10/2016 2:00:00 AM,0
1503960366,5/10/2016 3:00:00 AM,0
1503960366,5/10/2016 4:00:00 AM,0
1503960366,5/10/2016 5:00:00 AM,0
1503960366,5/10/2016 6:00:00 AM,0
1503960366,5/10/2016 7:00:00 AM,47
1503960366,5/10/2016 8:00:00 AM,227
1503960366,5/10/2016 9:00:00 AM,1461
1503960366,5/10/2016 10:00:00 AM,258
1503960366,5/10/2016 11:00:00 AM,988
1503960366,5/10/2016 12:00:00 PM,74
1503960366,5/10/2016 1:00:00 PM,234
1503960366,5/10/2016 2:00:00 PM,159
1503960366,5/10/2016 3:00:00 PM,1038
1503960366,5/10/2016 4:00:00 PM,312
1503960366,5/10/2016 5:00:00 PM,645
1503960366,5/10/2016 6:00:00 PM,2494
1503960366,5/10/2016 7:00:00 PM,1418
1503960366,5/10/2016 8:00:00 PM,2480
1503960366,5/10/2016 9:00:00 PM,251
1503960366,5/10/2016 10:00:00 PM,0
1503960366,5/10/2016 11:00:00 PM,29
1503960366,5/11/2016 12:00:00 AM,266
1503960366,5/11/2016 1:00:00 AM,45
1503960366,5/11/2016 2:00:00 AM,73
1503960366,5/11/2016 3:00:00 AM,10
1503960366,5/11/2016 4:00:00 AM,0
1503960366,5/11/2016 5:00:00 AM,0
1503960366,5/11/2016 6:00:00 AM,0
1503960366,5/11/2016 7:00:00 AM,47
1503960366,5/11/2016 8:00:00 AM,312
1503960366,5/11/2016 9:00:00 AM,1914
1503960366,5/11/2016 10:00:00 AM,644
1503960366,5/11/2016 11:00:00 AM,259
1503960366,5/11/2016 12:00:00 PM,116
1503960366,5/11/2016 1:00:00 PM,811
1503960366,5/11/2016 2:00:00 PM,1560
1503960366,5/11/2016 3:00:00 PM,348
1503960366,5/11/2016 4:00:00 PM,289
1503960366,5/11/2016 5:00:00 PM,245
1503960366,5/11/2016 6:00:00 PM,3449
1503960366,5/11/2016 7:00:00 PM,293
1503960366,5/11/2016 8:00:00 PM,1209
1624580081,4/12/2016 12:00:00 AM,31
1624580081,4/12/2016 1:00:00 AM,0
1624580081,4/12/2016 2:00:00 AM,0
1624580081,4/12/2016 3:00:00 AM,7
1624580081,4/12/2016 4:00:00 AM,0
1624580081,4/12/2016 5:00:00 AM,0
1624580081,4/12/2016 6:00:00 AM,0
1624580081,4/12/2016 7:00:00 AM,0
1624580081,4/12/2016 8:00:00 AM,0
1624580081,4/12/2016 9:00:00 AM,1085
1624580081,4/12/2016 10:00:00 AM,5375
1624580081,4/12/2016 11:00:00 AM,129
1624580081,4/12/2016 12:00:00 PM,81
1624580081,4/12/2016 1:00:00 PM,67
1624580081,4/12/2016 2:00:00 PM,43
1624580081,4/12/2016 3:00:00 PM,0
1624580081,4/12/2016 4:00:00 PM,79
1624580081,4/12/2016 5:00:00 PM,235
1624580081,4/12/2016 6:00:00 PM,257
1624580081,4/12/2016 7:00:00 PM,501
1624580081,4/12/2016 8:00:00 PM,99
1624580081,4/12/2016 9:00:00 PM,0
1624580081,4/12/2016 10:00:00 PM,0
1624580081,4/12/2016 11:00:00 PM,174
1624580081,4/13/2016 12:00:00 AM,75
1624580081,4/13/2016 1:00:00 AM,0
1624580081,4/13/2016 2:00:00 AM,0
1624580081,4/13/2016 3:00:00 AM,0
1624580081,4/13/2016 4:00:00 AM,0
1624580081,4/13/2016 5:00:00 AM,0
1624580081,4/13/2016 6:00:00 AM,0
1624580081,4/13/2016 7:00:00 AM,0
1624580081,4/13/2016 8:00:00 AM,0
1624580081,4/13/2016 9:00:00 AM,1663
1624580081,4/13/2016 10:00:00 AM,3685
1624580081,4/13/2016 11:00:00 AM,608
1624580081,4/13/2016 12:00:00 PM,80
1624580081,4/13/2016 1:00:00 PM,0
1624580081,4/13/2016 2:00:00 PM,36
1624580081,4/13/2016 3:00:00 PM,0
1624580081,4/13/2016 4:00:00 PM,126
1624580081,4/13/2016 5:00:00 PM,39
1624580081,4/13/2016 6:00:00 PM,491
1624580081,4/13/2016 7:00:00 PM,7
1624580081,4/13/2016 8:00:00 PM,14
1624580081,4/13/2016 9:00:00 PM,183
1624580081,4/13/2016 10:00:00 PM,0
1624580081,4/13/2016 11:00:00 PM,0
1624580081,4/14/2016 12:00:00 AM,0
1624580081,4/14/2016 1:00:00 AM,0
1624580081,4/14/2016 2:00:00 AM,0
1624580081,4/14/2016 3:00:00 AM,0
1624580081,4/14/2016 4:00:00 AM,0
1624580081,4/14/2016 5:00:00 AM,0
1624580081,4/14/2016 6:00:00 AM,0
1624580081,4/14/2016 7:00:00 AM,0
1624580081,4/14/2016 8:00:00 AM,1958
1624580081,4/14/2016 9:00:00 AM,4148
1624580081,4/14/2016 10:00:00 AM,141
1624580081,4/14/2016 11:00:00 AM,468
1624580081,4/14/2016 12:00:00 PM,0
1624580081,4/14/2016 1:00:00 PM,0
1624580081,4/14/2016 2:00:00 PM,87
1624580081,4/14/2016 3:00:00 PM,34
1624580081,4/14/2016 4:00:00 PM,170
1624580081,4/14/2016 5:00:00 PM,1197
1624580081,4/14/2016 6:00:00 PM,182
1624580081,4/14/2016 7:00:00 PM,445
1624580081,4/14/2016 8:00:00 PM,0
1624580081,4/14/2016 9:00:00 PM,227
1624580081,4/14/2016 10:00:00 PM,0
1624580081,4/14/2016 11:00:00 PM,50
1624580081,4/15/2016 12:00:00 AM,178
1624580081,4/15/2016 1:00:00 AM,6
1624580081,4/15/2016 2:00:00 AM,0
1624580081,4/15/2016 3:00:00 AM,0
1624580081,4/15/2016 4:00:00 AM,0
1624580081,4/15/2016 5:00:00 AM,0
1624580081,4/15/2016 6:00:00 AM,0
1624580081,4/15/2016 7:00:00 AM,0
1624580081,4/15/2016 8:00:00 AM,0
1624580081,4/15/2016 9:00:00 AM,0
1624580081,4/15/2016 10:00:00 AM,0
1624580081,4/15/2016 11:00:00 AM,415
1624580081,4/15/2016 12:00:00 PM,0
1624580081,4/15/2016 1:00:00 PM,0
1624580081,4/15/2016 2:00:00 PM,0
1624580081,4/15/2016 3:00:00 PM,0
1624580081,4/15/2016 4:00:00 PM,0
1624580081,4/15/2016 5:00:00 PM,0
1624580081,4/15/2016 6:00:00 PM,6
1624580081,4/15/2016 7:00:00 PM,386
1624580081,4/15/2016 8:00:00 PM,0
1624580081,4/15/2016 9:00:00 PM,27
1624580081,4/15/2016 10:00:00 PM,287
1624580081,4/15/2016 11:00:00 PM,185
1624580081,4/16/2016 12:00:00 AM,465
1624580081,4/16/2016 1:00:00 AM,0
1624580081,4/16/2016 2:00:00 AM,81
1624580081,4/16/2016 3:00:00 AM,0
1624580081,4/16/2016 4:00:00 AM,0
1624580081,4/16/2016 5:00:00 AM,0
1624580081,4/16/2016 6:00:00 AM,0
1624580081,4/16/2016 7:00:00 AM,0
1624580081,4/16/2016 8:00:00 AM,0
1624580081,4/16/2016 9:00:00 AM,0
1624580081,4/16/2016 10:00:00 AM,259
1624580081,4/16/2016 11:00:00 AM,231
1624580081,4/16/2016 12:00:00 PM,126
1624580081,4/16/2016 1:00:00 PM,0
1624580081,4/16/2016 2:00:00 PM,291
1624580081,4/16/2016 3:00:00 PM,82
1624580081,4/16/2016 4:00:00 PM,0
1624580081,4/16/2016 5:00:00 PM,39
1624580081,4/16/2016 6:00:00 PM,0
1624580081,4/16/2016 7:00:00 PM,472
1624580081,4/16/2016 8:00:00 PM,28
1624580081,4/16/2016 9:00:00 PM,1211
1624580081,4/16/2016 10:00:00 PM,1962
1624580081,4/16/2016 11:00:00 PM,123
1624580081,4/17/2016 12:00:00 AM,115
1624580081,4/17/2016 1:00:00 AM,0
1624580081,4/17/2016 2:00:00 AM,67
1624580081,4/17/2016 3:00:00 AM,0
1624580081,4/17/2016 4:00:00 AM,0
1624580081,4/17/2016 5:00:00 AM,0
1624580081,4/17/2016 6:00:00 AM,0
1624580081,4/17/2016 7:00:00 AM,0
1624580081,4/17/2016 8:00:00 AM,0
1624580081,4/17/2016 9:00:00 AM,0
1624580081,4/17/2016 10:00:00 AM,49
1624580081,4/17/2016 11:00:00 AM,0
1624580081,4/17/2016 12:00:00 PM,193
1624580081,4/17/2016 1:00:00 PM,1374
1624580081,4/17/2016 2:00:00 PM,657
1624580081,4/17/2016 3:00:00 PM,19
1624580081,4/17/2016 4:00:00 PM,0
1624580081,4/17/2016 5:00:00 PM,2047
1624580081,4/17/2016 6:00:00 PM,401
1624580081,4/17/2016 7:00:00 PM,782
1624580081,4/17/2016 8:00:00 PM,156
1624580081,4/17/2016 9:00:00 PM,173
1624580081,4/17/2016 10:00:00 PM,28
1624580081,4/17/2016 11:00:00 PM,89
1624580081,4/18/2016 12:00:00 AM,59
1624580081,4/18/2016 1:00:00 AM,29
1624580081,4/18/2016 2:00:00 AM,0
1624580081,4/18/2016 3:00:00 AM,0
1624580081,4/18/2016 4:00:00 AM,0
1624580081,4/18/2016 5:00:00 AM,0
1624580081,4/18/2016 6:00:00 AM,0
1624580081,4/18/2016 7:00:00 AM,354
1624580081,4/18/2016 8:00:00 AM,4120
1624580081,4/18/2016 9:00:00 AM,17
1624580081,4/18/2016 10:00:00 AM,458
1624580081,4/18/2016 11:00:00 AM,261
1624580081,4/18/2016 12:00:00 PM,6
1624580081,4/18/2016 1:00:00 PM,0
1624580081,4/18/2016 2:00:00 PM,0
1624580081,4/18/2016 3:00:00 PM,812
1624580081,4/18/2016 4:00:00 PM,3242
1624580081,4/18/2016 5:00:00 PM,186
1624580081,4/18/2016 6:00:00 PM,314
1624580081,4/18/2016 7:00:00 PM,131
1624580081,4/18/2016 8:00:00 PM,180
1624580081,4/18/2016 9:00:00 PM,120
1624580081,4/18/2016 10:00:00 PM,124
1624580081,4/18/2016 11:00:00 PM,123
1624580081,4/19/2016 12:00:00 AM,0
1624580081,4/19/2016 1:00:00 AM,0
1624580081,4/19/2016 2:00:00 AM,0
1624580081,4/19/2016 3:00:00 AM,0
1624580081,4/19/2016 4:00:00 AM,0
1624580081,4/19/2016 5:00:00 AM,106
1624580081,4/19/2016 6:00:00 AM,333
1624580081,4/19/2016 7:00:00 AM,13
1624580081,4/19/2016 8:00:00 AM,227
1624580081,4/19/2016 9:00:00 AM,0
1624580081,4/19/2016 10:00:00 AM,0
1624580081,4/19/2016 11:00:00 AM,120
1624580081,4/19/2016 12:00:00 PM,826
1624580081,4/19/2016 1:00:00 PM,235
1624580081,4/19/2016 2:00:00 PM,495
1624580081,4/19/2016 3:00:00 PM,0
1624580081,4/19/2016 4:00:00 PM,0
1624580081,4/19/2016 5:00:00 PM,0
1624580081,4/19/2016 6:00:00 PM,351
1624580081,4/19/2016 7:00:00 PM,137
1624580081,4/19/2016 8:00:00 PM,12
1624580081,4/19/2016 9:00:00 PM,22
1624580081,4/19/2016 10:00:00 PM,39
1624580081,4/19/2016 11:00:00 PM,0
1624580081,4/20/2016 12:00:00 AM,123
1624580081,4/20/2016 1:00:00 AM,0
1624580081,4/20/2016 2:00:00 AM,0
1624580081,4/20/2016 3:00:00 AM,0
1624580081,4/20/2016 4:00:00 AM,0
1624580081,4/20/2016 5:00:00 AM,0
1624580081,4/20/2016 6:00:00 AM,0
1624580081,4/20/2016 7:00:00 AM,0
1624580081,4/20/2016 8:00:00 AM,0
1624580081,4/20/2016 9:00:00 AM,2608
1624580081,4/20/2016 10:00:00 AM,159
1624580081,4/20/2016 11:00:00 AM,89
1624580081,4/20/2016 12:00:00 PM,319
1624580081,4/20/2016 1:00:00 PM,8
1624580081,4/20/2016 2:00:00 PM,0
1624580081,4/20/2016 3:00:00 PM,46
1624580081,4/20/2016 4:00:00 PM,311
1624580081,4/20/2016 5:00:00 PM,353
1624580081,4/20/2016 6:00:00 PM,445
1624580081,4/20/2016 7:00:00 PM,62
1624580081,4/20/2016 8:00:00 PM,26
1624580081,4/20/2016 9:00:00 PM,35
1624580081,4/20/2016 10:00:00 PM,264
1624580081,4/20/2016 11:00:00 PM,126
1624580081,4/21/2016 12:00:00 AM,9
1624580081,4/21/2016 1:00:00 AM,0
1624580081,4/21/2016 2:00:00 AM,0
1624580081,4/21/2016 3:00:00 AM,106
1624580081,4/21/2016 4:00:00 AM,0
1624580081,4/21/2016 5:00:00 AM,0
1624580081,4/21/2016 6:00:00 AM,0
1624580081,4/21/2016 7:00:00 AM,0
1624580081,4/21/2016 8:00:00 AM,0
1624580081,4/21/2016 9:00:00 AM,186
1624580081,4/21/2016 10:00:00 AM,502
1624580081,4/21/2016 11:00:00 AM,339
1624580081,4/21/2016 12:00:00 PM,9
1624580081,4/21/2016 1:00:00 PM,0
1624580081,4/21/2016 2:00:00 PM,226
1624580081,4/21/2016 3:00:00 PM,111
1624580081,4/21/2016 4:00:00 PM,28
1624580081,4/21/2016 5:00:00 PM,218
1624580081,4/21/2016 6:00:00 PM,1287
1624580081,4/21/2016 7:00:00 PM,2880
1624580081,4/21/2016 8:00:00 PM,88
1624580081,4/21/2016 9:00:00 PM,180
1624580081,4/21/2016 10:00:00 PM,180
1624580081,4/21/2016 11:00:00 PM,0
1624580081,4/22/2016 12:00:00 AM,0
1624580081,4/22/2016 1:00:00 AM,0
1624580081,4/22/2016 2:00:00 AM,0
1624580081,4/22/2016 3:00:00 AM,105
1624580081,4/22/2016 4:00:00 AM,0
1624580081,4/22/2016 5:00:00 AM,0
1624580081,4/22/2016 6:00:00 AM,0
1624580081,4/22/2016 7:00:00 AM,142
1624580081,4/22/2016 8:00:00 AM,0
1624580081,4/22/2016 9:00:00 AM,12
1624580081,4/22/2016 10:00:00 AM,240
1624580081,4/22/2016 11:00:00 AM,205
1624580081,4/22/2016 12:00:00 PM,55
1624580081,4/22/2016 1:00:00 PM,149
1624580081,4/22/2016 2:00:00 PM,0
1624580081,4/22/2016 3:00:00 PM,0
1624580081,4/22/2016 4:00:00 PM,102
1624580081,4/22/2016 5:00:00 PM,58
1624580081,4/22/2016 6:00:00 PM,9
1624580081,4/22/2016 7:00:00 PM,345
1624580081,4/22/2016 8:00:00 PM,671
1624580081,4/22/2016 9:00:00 PM,430
1624580081,4/22/2016 10:00:00 PM,1013
1624580081,4/22/2016 11:00:00 PM,466
1624580081,4/23/2016 12:00:00 AM,218
1624580081,4/23/2016 1:00:00 AM,16
1624580081,4/23/2016 2:00:00 AM,0
1624580081,4/23/2016 3:00:00 AM,0
1624580081,4/23/2016 4:00:00 AM,0
1624580081,4/23/2016 5:00:00 AM,0
1624580081,4/23/2016 6:00:00 AM,0
1624580081,4/23/2016 7:00:00 AM,0
1624580081,4/23/2016 8:00:00 AM,0
1624580081,4/23/2016 9:00:00 AM,150
1624580081,4/23/2016 10:00:00 AM,722
1624580081,4/23/2016 11:00:00 AM,0
1624580081,4/23/2016 12:00:00 PM,97
1624580081,4/23/2016 1:00:00 PM,39
1624580081,4/23/2016 2:00:00 PM,221
1624580081,4/23/2016 3:00:00 PM,0
1624580081,4/23/2016 4:00:00 PM,350
1624580081,4/23/2016 5:00:00 PM,8
1624580081,4/23/2016 6:00:00 PM,74
