Id,Date,StepTotal,TotalIntensity,AverageIntensity,Calories
1503960366,2016-04-12 00:00:00,373,20,0.333333,81
1503960366,2016-04-12 01:00:00,160,8,0.133333,61
1503960366,2016-04-12 02:00:00,151,7,0.116667,59
1503960366,2016-04-12 03:00:00,0,0,0.0,47
1503960366,2016-04-12 04:00:00,0,0,0.0,48
1503960366,2016-04-12 05:00:00,0,0,0.0,48
1503960366,2016-04-12 06:00:00,0,0,0.0,48
1503960366,2016-04-12 07:00:00,0,0,0.0,47
1503960366,2016-04-12 08:00:00,250,13,0.216667,68
1503960366,2016-04-12 09:00:00,1864,30,0.5,141
1503960366,2016-04-12 10:00:00,676,29,0.483333,99
1503960366,2016-04-12 11:00:00,360,12,0.2,76
1503960366,2016-04-12 12:00:00,253,11,0.183333,73
1503960366,2016-04-12 13:00:00,221,6,0.1,66
1503960366,2016-04-12 14:00:00,1166,36,0.6,110
1503960366,2016-04-12 15:00:00,2063,58,0.966667,151
1503960366,2016-04-12 16:00:00,344,13,0.216667,76
1503960366,2016-04-12 17:00:00,489,16,0.266667,83
1503960366,2016-04-12 18:00:00,1386,29,0.483333,124
1503960366,2016-04-12 19:00:00,558,39,0.65,104
1503960366,2016-04-12 20:00:00,1733,41,0.683333,132
1503960366,2016-04-12 21:00:00,684,31,0.516667,100
1503960366,2016-04-12 22:00:00,89,9,0.15,65
1503960366,2016-04-12 23:00:00,338,21,0.35,81
1503960366,2016-04-13 00:00:00,144,14,0.233333,69
1503960366,2016-04-13 01:00:00,0,0,0.0,48
1503960366,2016-04-13 02:00:00,0,0,0.0,47
1503960366,2016-04-13 03:00:00,36,4,0.066667,53
1503960366,2016-04-13 04:00:00,0,0,0.0,47
1503960366,2016-04-13 05:00:00,0,0,0.0,47
1503960366,2016-04-13 06:00:00,0,0,0.0,48
1503960366,2016-04-13 07:00:00,126,8,0.133333,59
1503960366,2016-04-13 08:00:00,275,12,0.2,69
1503960366,2016-04-13 09:00:00,1679,27,0.45,136
1503960366,2016-04-13 10:00:00,295,15,0.25,77
1503960366,2016-04-13 11:00:00,524,16,0.266667,84
1503960366,2016-04-13 12:00:00,486,15,0.25,82
1503960366,2016-04-13 13:00:00,302,10,0.166667,72
1503960366,2016-04-13 14:00:00,1577,46,0.766667,128
1503960366,2016-04-13 15:00:00,493,13,0.216667,79
1503960366,2016-04-13 16:00:00,299,10,0.166667,71
1503960366,2016-04-13 17:00:00,695,23,0.383333,87
1503960366,2016-04-13 18:00:00,1343,25,0.416667,118
1503960366,2016-04-13 19:00:00,258,13,0.216667,73
1503960366,2016-04-13 20:00:00,0,0,0.0,47
1503960366,2016-04-13 21:00:00,0,0,0.0,48
1503960366,2016-04-13 22:00:00,437,11,0.183333,74
1503960366,2016-04-13 23:00:00,1766,56,0.933333,135
1503960366,2016-04-14 00:00:00,81,4,0.066667,56
1503960366,2016-04-14 01:00:00,58,3,0.05,54
1503960366,2016-04-14 02:00:00,0,0,0.0,47
1503960366,2016-04-14 03:00:00,0,0,0.0,47
1503960366,2016-04-14 04:00:00,0,0,0.0,47
1503960366,2016-04-14 05:00:00,0,0,0.0,47
1503960366,2016-04-14 06:00:00,0,0,0.0,47
1503960366,2016-04-14 07:00:00,0,0,0.0,47
1503960366,2016-04-14 08:00:00,0,0,0.0,47
1503960366,2016-04-14 09:00:00,902,14,0.233333,93
1503960366,2016-04-14 10:00:00,1106,23,0.383333,109
1503960366,2016-04-14 11:00:00,50,7,0.116667,64
1503960366,2016-04-14 12:00:00,501,18,0.3,85
1503960366,2016-04-14 13:00:00,1779,54,0.9,137
1503960366,2016-04-14 14:00:00,1228,22,0.366667,113
1503960366,2016-04-14 15:00:00,139,7,0.116667,66
1503960366,2016-04-14 16:00:00,408,25,0.416667,88
1503960366,2016-04-14 17:00:00,37,5,0.083333,61
1503960366,2016-04-14 18:00:00,322,12,0.2,72
1503960366,2016-04-14 19:00:00,11,1,0.016667,55
1503960366,2016-04-14 20:00:00,806,24,0.4,91
1503960366,2016-04-14 21:00:00,2670,57,0.95,174
1503960366,2016-04-14 22:00:00,362,17,0.283333,79
1503960366,2016-04-14 23:00:00,0,0,0.0,50
1503960366,2016-04-15 00:00:00,83,6,0.1,60
1503960366,2016-04-15 01:00:00,75,5,0.083333,58
1503960366,2016-04-15 02:00:00,124,7,0.116667,59
1503960366,2016-04-15 03:00:00,0,0,0.0,47
1503960366,2016-04-15 04:00:00,0,0,0.0,47
1503960366,2016-04-15 05:00:00,26,1,0.016667,49
1503960366,2016-04-15 06:00:00,0,0,0.0,47
1503960366,2016-04-15 07:00:00,7,1,0.016667,49
1503960366,2016-04-15 08:00:00,55,5,0.083333,54
1503960366,2016-04-15 09:00:00,21,2,0.033333,50
1503960366,2016-04-15 10:00:00,154,8,0.133333,63
1503960366,2016-04-15 11:00:00,425,23,0.383333,84
1503960366,2016-04-15 12:00:00,270,13,0.216667,74
1503960366,2016-04-15 13:00:00,373,9,0.15,67
1503960366,2016-04-15 14:00:00,0,0,0.0,47
1503960366,2016-04-15 15:00:00,0,0,0.0,47
1503960366,2016-04-15 16:00:00,0,0,0.0,47
1503960366,2016-04-15 17:00:00,1774,47,0.783333,140
1503960366,2016-04-15 18:00:00,509,22,0.366667,87
1503960366,2016-04-15 19:00:00,519,32,0.533333,97
1503960366,2016-04-15 20:00:00,77,8,0.133333,64
1503960366,2016-04-15 21:00:00,280,14,0.233333,75
1503960366,2016-04-15 22:00:00,2145,66,1.1,151
1503960366,2016-04-15 23:00:00,2768,95,1.583333,182
1503960366,2016-04-16 00:00:00,459,15,0.25,77
1503960366,2016-04-16 01:00:00,0,0,0.0,48
1503960366,2016-04-16 02:00:00,63,3,0.05,52
1503960366,2016-04-16 03:00:00,6,1,0.016667,48
1503960366,2016-04-16 04:00:00,6,1,0.016667,49
1503960366,2016-04-16 05:00:00,12,1,0.016667,49
1503960366,2016-04-16 06:00:00,0,0,0.0,48
1503960366,2016-04-16 07:00:00,101,4,0.066667,54
1503960366,2016-04-16 08:00:00,175,9,0.15,62
1503960366,2016-04-16 09:00:00,1181,38,0.633333,124
1503960366,2016-04-16 10:00:00,1295,14,0.233333,110
1503960366,2016-04-16 11:00:00,2043,30,0.5,147
1503960366,2016-04-16 12:00:00,1513,42,0.7,119
1503960366,2016-04-16 13:00:00,3616,90,1.5,214
1503960366,2016-04-16 14:00:00,580,20,0.333333,82
1503960366,2016-04-16 15:00:00,0,0,0.0,51
1503960366,2016-04-16 16:00:00,15,2,0.033333,54
1503960366,2016-04-16 17:00:00,380,17,0.283333,79
1503960366,2016-04-16 18:00:00,96,10,0.166667,65
1503960366,2016-04-16 19:00:00,146,12,0.2,67
1503960366,2016-04-16 20:00:00,385,19,0.316667,81
1503960366,2016-04-16 21:00:00,463,13,0.216667,75
1503960366,2016-04-16 22:00:00,42,3,0.05,55
1503960366,2016-04-16 23:00:00,92,5,0.083333,56
1503960366,2016-04-17 00:00:00,0,0,0.0,47
1503960366,2016-04-17 01:00:00,0,0,0.0,48
1503960366,2016-04-17 02:00:00,0,0,0.0,47
1503960366,2016-04-17 03:00:00,8,1,0.016667,49
1503960366,2016-04-17 04:00:00,0,0,0.0,48
1503960366,2016-04-17 05:00:00,0,0,0.0,48
1503960366,2016-04-17 06:00:00,0,0,0.0,48
1503960366,2016-04-17 07:00:00,0,0,0.0,48
1503960366,2016-04-17 08:00:00,0,0,0.0,48
1503960366,2016-04-17 09:00:00,0,0,0.0,48
1503960366,2016-04-17 10:00:00,0,0,0.0,47
1503960366,2016-04-17 11:00:00,84,9,0.15,63
1503960366,2016-04-17 12:00:00,260,18,0.3,76
1503960366,2016-04-17 13:00:00,402,23,0.383333,83
1503960366,2016-04-17 14:00:00,252,10,0.166667,69
1503960366,2016-04-17 15:00:00,191,13,0.216667,73
1503960366,2016-04-17 16:00:00,13,2,0.033333,57
1503960366,2016-04-17 17:00:00,2613,71,1.183333,174
1503960366,2016-04-17 18:00:00,1616,39,0.65,136
1503960366,2016-04-17 19:00:00,754,24,0.4,95
1503960366,2016-04-17 20:00:00,2955,87,1.45,191
1503960366,2016-04-17 21:00:00,487,16,0.266667,79
1503960366,2016-04-17 22:00:00,70,5,0.083333,58
1503960366,2016-04-17 23:00:00,0,0,0.0,50
1503960366,2016-04-18 00:00:00,416,21,0.35,82
1503960366,2016-04-18 01:00:00,0,0,0.0,48
1503960366,2016-04-18 02:00:00,0,0,0.0,47
1503960366,2016-04-18 03:00:00,0,0,0.0,47
1503960366,2016-04-18 04:00:00,0,0,0.0,47
1503960366,2016-04-18 05:00:00,0,0,0.0,47
1503960366,2016-04-18 06:00:00,0,0,0.0,47
1503960366,2016-04-18 07:00:00,0,0,0.0,47
1503960366,2016-04-18 08:00:00,0,0,0.0,47
1503960366,2016-04-18 09:00:00,1688,39,0.65,133
1503960366,2016-04-18 10:00:00,380,17,0.283333,81
1503960366,2016-04-18 11:00:00,328,15,0.25,73
1503960366,2016-04-18 12:00:00,1306,40,0.666667,118
1503960366,2016-04-18 13:00:00,268,9,0.15,70
1503960366,2016-04-18 14:00:00,137,7,0.116667,64
1503960366,2016-04-18 15:00:00,495,14,0.233333,80
1503960366,2016-04-18 16:00:00,277,17,0.283333,78
1503960366,2016-04-18 17:00:00,304,18,0.3,79
1503960366,2016-04-18 18:00:00,4074,114,1.9,234
1503960366,2016-04-18 19:00:00,2101,30,0.5,157
1503960366,2016-04-18 20:00:00,28,2,0.033333,57
1503960366,2016-04-18 21:00:00,187,11,0.183333,68
1503960366,2016-04-18 22:00:00,542,19,0.316667,86
1503960366,2016-04-18 23:00:00,488,18,0.3,83
1503960366,2016-04-19 00:00:00,0,0,0.0,47
1503960366,2016-04-19 01:00:00,22,1,0.016667,49
1503960366,2016-04-19 02:00:00,0,0,0.0,47
1503960366,2016-04-19 03:00:00,9,2,0.033333,50
1503960366,2016-04-19 04:00:00,0,0,0.0,47
1503960366,2016-04-19 05:00:00,0,0,0.0,47
1503960366,2016-04-19 06:00:00,7,1,0.016667,49
1503960366,2016-04-19 07:00:00,316,19,0.316667,75
1503960366,2016-04-19 08:00:00,1656,38,0.633333,130
1503960366,2016-04-19 09:00:00,367,16,0.266667,79
1503960366,2016-04-19 10:00:00,203,16,0.266667,75
1503960366,2016-04-19 11:00:00,194,13,0.216667,72
1503960366,2016-04-19 12:00:00,1887,61,1.016667,143
1503960366,2016-04-19 13:00:00,2697,65,1.083333,171
1503960366,2016-04-19 14:00:00,409,12,0.2,76
1503960366,2016-04-19 15:00:00,299,12,0.2,72
1503960366,2016-04-19 16:00:00,297,9,0.15,71
1503960366,2016-04-19 17:00:00,732,13,0.216667,90
1503960366,2016-04-19 18:00:00,1280,30,0.5,120
1503960366,2016-04-19 19:00:00,397,31,0.516667,93
1503960366,2016-04-19 20:00:00,2487,69,1.15,159
1503960366,2016-04-19 21:00:00,826,16,0.266667,94
1503960366,2016-04-19 22:00:00,52,4,0.066667,58
1503960366,2016-04-19 23:00:00,1369,48,0.8,120
1503960366,2016-04-20 00:00:00,16,2,0.033333,54
1503960366,2016-04-20 01:00:00,36,2,0.033333,53
1503960366,2016-04-20 02:00:00,0,0,0.0,47
1503960366,2016-04-20 03:00:00,0,0,0.0,48
1503960366,2016-04-20 04:00:00,0,0,0.0,48
1503960366,2016-04-20 05:00:00,0,0,0.0,47
1503960366,2016-04-20 06:00:00,0,0,0.0,48
1503960366,2016-04-20 07:00:00,29,3,0.05,51
1503960366,2016-04-20 08:00:00,264,14,0.233333,70
1503960366,2016-04-20 09:00:00,1993,50,0.833333,144
1503960366,2016-04-20 10:00:00,459,13,0.216667,79
1503960366,2016-04-20 11:00:00,65,1,0.016667,58
1503960366,2016-04-20 12:00:00,185,8,0.133333,64
1503960366,2016-04-20 13:00:00,64,5,0.083333,61
1503960366,2016-04-20 14:00:00,1270,39,0.65,113
1503960366,2016-04-20 15:00:00,797,21,0.35,97
1503960366,2016-04-20 16:00:00,261,11,0.183333,70
1503960366,2016-04-20 17:00:00,13,2,0.033333,57
1503960366,2016-04-20 18:00:00,1308,32,0.533333,114
1503960366,2016-04-20 19:00:00,1558,36,0.6,117
1503960366,2016-04-20 20:00:00,499,12,0.2,80
1503960366,2016-04-20 21:00:00,395,22,0.366667,83
1503960366,2016-04-20 22:00:00,77,7,0.116667,62
1503960366,2016-04-20 23:00:00,1255,33,0.55,120
1503960366,2016-04-21 00:00:00,17,2,0.033333,54
1503960366,2016-04-21 01:00:00,129,8,0.133333,61
1503960366,2016-04-21 02:00:00,81,5,0.083333,55
1503960366,2016-04-21 03:00:00,0,0,0.0,48
1503960366,2016-04-21 04:00:00,0,0,0.0,47
1503960366,2016-04-21 05:00:00,0,0,0.0,47
1503960366,2016-04-21 06:00:00,0,0,0.0,48
1503960366,2016-04-21 07:00:00,38,3,0.05,52
1503960366,2016-04-21 08:00:00,245,15,0.25,71
1503960366,2016-04-21 09:00:00,1672,26,0.433333,133
1503960366,2016-04-21 10:00:00,255,16,0.266667,77
1503960366,2016-04-21 11:00:00,0,0,0.0,55
1503960366,2016-04-21 12:00:00,384,11,0.183333,73
1503960366,2016-04-21 13:00:00,1140,25,0.416667,113
1503960366,2016-04-21 14:00:00,12,2,0.033333,58
1503960366,2016-04-21 15:00:00,213,8,0.133333,68
1503960366,2016-04-21 16:00:00,26,4,0.066667,60
1503960366,2016-04-21 17:00:00,96,5,0.083333,60
1503960366,2016-04-21 18:00:00,213,9,0.15,69
1503960366,2016-04-21 19:00:00,100,8,0.133333,64
1503960366,2016-04-21 20:00:00,3541,92,1.533333,213
1503960366,2016-04-21 21:00:00,970,21,0.35,104
1503960366,2016-04-21 22:00:00,89,9,0.15,63
1503960366,2016-04-21 23:00:00,598,15,0.25,84
1503960366,2016-04-22 00:00:00,0,0,0.0,47
1503960366,2016-04-22 01:00:00,0,0,0.0,47
1503960366,2016-04-22 02:00:00,0,0,0.0,47
1503960366,2016-04-22 03:00:00,0,0,0.0,47
1503960366,2016-04-22 04:00:00,0,0,0.0,47
1503960366,2016-04-22 05:00:00,0,0,0.0,47
1503960366,2016-04-22 06:00:00,0,0,0.0,47
1503960366,2016-04-22 07:00:00,0,0,0.0,47
1503960366,2016-04-22 08:00:00,0,0,0.0,47
1503960366,2016-04-22 09:00:00,192,13,0.216667,65
1503960366,2016-04-22 10:00:00,29,2,0.033333,54
1503960366,2016-04-22 11:00:00,958,34,0.566667,102
1503960366,2016-04-22 12:00:00,38,2,0.033333,57
1503960366,2016-04-22 13:00:00,118,4,0.066667,60
1503960366,2016-04-22 14:00:00,0,0,0.0,54
1503960366,2016-04-22 15:00:00,180,10,0.166667,66
1503960366,2016-04-22 16:00:00,22,4,0.066667,58
1503960366,2016-04-22 17:00:00,1041,18,0.3,104
1503960366,2016-04-22 18:00:00,514,23,0.383333,87
1503960366,2016-04-22 19:00:00,629,16,0.266667,82
1503960366,2016-04-22 20:00:00,329,13,0.216667,71
1503960366,2016-04-22 21:00:00,5934,159,2.65,311
1503960366,2016-04-22 22:00:00,855,30,0.5,95
1503960366,2016-04-22 23:00:00,1925,54,0.9,136
1503960366,2016-04-23 00:00:00,182,9,0.15,63
1503960366,2016-04-23 01:00:00,0,0,0.0,47
1503960366,2016-04-23 02:00:00,11,1,0.016667,49
1503960366,2016-04-23 03:00:00,0,0,0.0,47
1503960366,2016-04-23 04:00:00,0,0,0.0,47
1503960366,2016-04-23 05:00:00,0,0,0.0,48
1503960366,2016-04-23 06:00:00,12,2,0.033333,50
1503960366,2016-04-23 07:00:00,0,0,0.0,48
1503960366,2016-04-23 08:00:00,127,8,0.133333,59
1503960366,2016-04-23 09:00:00,285,17,0.283333,75
1503960366,2016-04-23 10:00:00,49,4,0.066667,56
1503960366,2016-04-23 11:00:00,703,11,0.183333,84
1503960366,2016-04-23 12:00:00,1597,49,0.816667,129
1503960366,2016-04-23 13:00:00,1453,51,0.85,129
1503960366,2016-04-23 14:00:00,202,20,0.333333,78
1503960366,2016-04-23 15:00:00,158,15,0.25,73
1503960366,2016-04-23 16:00:00,2008,52,0.866667,140
1503960366,2016-04-23 17:00:00,1472,26,0.433333,121
1503960366,2016-04-23 18:00:00,2569,66,1.1,173
1503960366,2016-04-23 19:00:00,29,2,0.033333,51
1503960366,2016-04-23 20:00:00,142,9,0.15,63
1503960366,2016-04-23 21:00:00,2432,54,0.9,162
1503960366,2016-04-23 22:00:00,709,25,0.416667,96
1503960366,2016-04-23 23:00:00,231,6,0.1,60
1503960366,2016-04-24 00:00:00,141,10,0.166667,66
1503960366,2016-04-24 01:00:00,42,2,0.033333,54
1503960366,2016-04-24 02:00:00,0,0,0.0,48
1503960366,2016-04-24 03:00:00,0,0,0.0,48
1503960366,2016-04-24 04:00:00,8,1,0.016667,49
1503960366,2016-04-24 05:00:00,0,0,0.0,48
1503960366,2016-04-24 06:00:00,7,1,0.016667,49
1503960366,2016-04-24 07:00:00,0,0,0.0,47
1503960366,2016-04-24 08:00:00,8,1,0.016667,49
1503960366,2016-04-24 09:00:00,76,8,0.133333,59
1503960366,2016-04-24 10:00:00,492,26,0.433333,90
1503960366,2016-04-24 11:00:00,149,12,0.2,67
1503960366,2016-04-24 12:00:00,548,12,0.2,82
1503960366,2016-04-24 13:00:00,394,12,0.2,74
1503960366,2016-04-24 14:00:00,26,1,0.016667,52
1503960366,2016-04-24 15:00:00,27,2,0.033333,52
1503960366,2016-04-24 16:00:00,885,29,0.483333,102
1503960366,2016-04-24 17:00:00,411,25,0.416667,86
1503960366,2016-04-24 18:00:00,911,40,0.666667,115
1503960366,2016-04-24 19:00:00,4871,131,2.183333,270
1503960366,2016-04-24 20:00:00,342,18,0.3,76
1503960366,2016-04-24 21:00:00,244,17,0.283333,74
1503960366,2016-04-24 22:00:00,66,7,0.116667,61
1503960366,2016-04-24 23:00:00,391,10,0.166667,72
1503960366,2016-04-25 00:00:00,95,8,0.133333,62
1503960366,2016-04-25 01:00:00,22,3,0.05,53
1503960366,2016-04-25 02:00:00,97,6,0.1,57
1503960366,2016-04-25 03:00:00,0,0,0.0,47
1503960366,2016-04-25 04:00:00,25,2,0.033333,50
1503960366,2016-04-25 05:00:00,4,1,0.016667,49
1503960366,2016-04-25 06:00:00,0,0,0.0,47
1503960366,2016-04-25 07:00:00,44,3,0.05,52
1503960366,2016-04-25 08:00:00,426,22,0.366667,83
1503960366,2016-04-25 09:00:00,2041,46,0.766667,146
1503960366,2016-04-25 10:00:00,258,12,0.2,73
1503960366,2016-04-25 11:00:00,1468,24,0.4,121
1503960366,2016-04-25 12:00:00,707,19,0.316667,92
1503960366,2016-04-25 13:00:00,299,13,0.216667,75
1503960366,2016-04-25 14:00:00,94,5,0.083333,62
1503960366,2016-04-25 15:00:00,359,13,0.216667,76
1503960366,2016-04-25 16:00:00,263,10,0.166667,71
1503960366,2016-04-25 17:00:00,188,8,0.133333,67
1503960366,2016-04-25 18:00:00,116,6,0.1,61
1503960366,2016-04-25 19:00:00,2815,86,1.433333,182
1503960366,2016-04-25 20:00:00,895,30,0.5,95
1503960366,2016-04-25 21:00:00,4895,132,2.2,267
1503960366,2016-04-25 22:00:00,188,11,0.183333,68
1503960366,2016-04-25 23:00:00,56,3,0.05,54
1503960366,2016-04-26 00:00:00,101,4,0.066667,56
1503960366,2016-04-26 01:00:00,178,11,0.183333,66
1503960366,2016-04-26 02:00:00,0,0,0.0,51
1503960366,2016-04-26 03:00:00,145,11,0.183333,64
1503960366,2016-04-26 04:00:00,0,0,0.0,48
1503960366,2016-04-26 05:00:00,7,1,0.016667,49
1503960366,2016-04-26 06:00:00,0,0,0.0,48
1503960366,2016-04-26 07:00:00,28,3,0.05,52
1503960366,2016-04-26 08:00:00,173,13,0.216667,67
1503960366,2016-04-26 09:00:00,1826,31,0.516667,139
1503960366,2016-04-26 10:00:00,666,22,0.366667,92
1503960366,2016-04-26 11:00:00,266,17,0.283333,78
1503960366,2016-04-26 12:00:00,415,10,0.166667,74
1503960366,2016-04-26 13:00:00,1571,42,0.7,126
1503960366,2016-04-26 14:00:00,1998,60,1.0,142
1503960366,2016-04-26 15:00:00,323,9,0.15,74
1503960366,2016-04-26 16:00:00,697,22,0.366667,93
1503960366,2016-04-26 17:00:00,143,5,0.083333,60
1503960366,2016-04-26 18:00:00,2513,72,1.2,169
1503960366,2016-04-26 19:00:00,148,15,0.25,73
1503960366,2016-04-26 20:00:00,1649,26,0.433333,127
1503960366,2016-04-26 21:00:00,450,14,0.233333,79
1503960366,2016-04-26 22:00:00,148,9,0.15,66
1503960366,2016-04-26 23:00:00,310,21,0.35,80
1503960366,2016-04-27 00:00:00,277,10,0.166667,68
1503960366,2016-04-27 01:00:00,60,5,0.083333,59
1503960366,2016-04-27 02:00:00,17,2,0.033333,53
1503960366,2016-04-27 03:00:00,0,0,0.0,47
1503960366,2016-04-27 04:00:00,0,0,0.0,47
1503960366,2016-04-27 05:00:00,0,0,0.0,47
1503960366,2016-04-27 06:00:00,0,0,0.0,47
1503960366,2016-04-27 07:00:00,0,0,0.0,47
1503960366,2016-04-27 08:00:00,0,0,0.0,47
1503960366,2016-04-27 09:00:00,1916,33,0.55,149
1503960366,2016-04-27 10:00:00,502,27,0.45,93
1503960366,2016-04-27 11:00:00,797,23,0.383333,100
1503960366,2016-04-27 12:00:00,701,12,0.2,89
1503960366,2016-04-27 13:00:00,319,13,0.216667,76
1503960366,2016-04-27 14:00:00,1932,35,0.583333,150
1503960366,2016-04-27 15:00:00,59,6,0.1,63
1503960366,2016-04-27 16:00:00,98,7,0.116667,64
1503960366,2016-04-27 17:00:00,261,13,0.216667,73
1503960366,2016-04-27 18:00:00,2714,73,1.216667,178
1503960366,2016-04-27 19:00:00,5786,150,2.5,318
1503960366,2016-04-27 20:00:00,2420,70,1.166667,174
1503960366,2016-04-27 21:00:00,266,20,0.333333,76
1503960366,2016-04-27 22:00:00,0,0,0.0,47
1503960366,2016-04-27 23:00:00,0,0,0.0,47
1503960366,2016-04-28 00:00:00,0,0,0.0,47
1503960366,2016-04-28 01:00:00,127,10,0.166667,62
1503960366,2016-04-28 02:00:00,0,0,0.0,48
1503960366,2016-04-28 03:00:00,0,0,0.0,47
1503960366,2016-04-28 04:00:00,0,0,0.0,48
1503960366,2016-04-28 05:00:00,0,0,0.0,47
1503960366,2016-04-28 06:00:00,0,0,0.0,48
1503960366,2016-04-28 07:00:00,14,1,0.016667,49
1503960366,2016-04-28 08:00:00,128,11,0.183333,63
1503960366,2016-04-28 09:00:00,1192,38,0.633333,116
1503960366,2016-04-28 10:00:00,987,19,0.316667,105
1503960366,2016-04-28 11:00:00,288,10,0.166667,73
1503960366,2016-04-28 12:00:00,317,16,0.266667,78
1503960366,2016-04-28 13:00:00,1144,33,0.55,108
1503960366,2016-04-28 14:00:00,1512,47,0.783333,124
1503960366,2016-04-28 15:00:00,115,5,0.083333,61
1503960366,2016-04-28 16:00:00,554,10,0.166667,81
1503960366,2016-04-28 17:00:00,235,11,0.183333,72
1503960366,2016-04-28 18:00:00,1829,56,0.933333,138
1503960366,2016-04-28 19:00:00,13,1,0.016667,56
1503960366,2016-04-28 20:00:00,2122,50,0.833333,151
1503960366,2016-04-28 21:00:00,986,21,0.35,103
1503960366,2016-04-28 22:00:00,16,2,0.033333,55
1503960366,2016-04-28 23:00:00,1512,48,0.8,121
1503960366,2016-04-29 00:00:00,202,9,0.15,65
1503960366,2016-04-29 01:00:00,0,0,0.0,49
1503960366,2016-04-29 02:00:00,71,4,0.066667,54
1503960366,2016-04-29 03:00:00,0,0,0.0,47
1503960366,2016-04-29 04:00:00,0,0,0.0,47
1503960366,2016-04-29 05:00:00,0,0,0.0,48
1503960366,2016-04-29 06:00:00,0,0,0.0,47
1503960366,2016-04-29 07:00:00,27,3,0.05,52
1503960366,2016-04-29 08:00:00,201,13,0.216667,67
1503960366,2016-04-29 09:00:00,1820,33,0.55,142
1503960366,2016-04-29 10:00:00,44,4,0.066667,60
1503960366,2016-04-29 11:00:00,104,4,0.066667,60
1503960366,2016-04-29 12:00:00,214,6,0.1,65
1503960366,2016-04-29 13:00:00,41,6,0.1,62
1503960366,2016-04-29 14:00:00,1711,56,0.933333,136
1503960366,2016-04-29 15:00:00,1076,23,0.383333,110
1503960366,2016-04-29 16:00:00,285,10,0.166667,73
1503960366,2016-04-29 17:00:00,380,9,0.15,75
1503960366,2016-04-29 18:00:00,118,5,0.083333,60
1503960366,2016-04-29 19:00:00,267,11,0.183333,71
1503960366,2016-04-29 20:00:00,386,16,0.266667,80
1503960366,2016-04-29 21:00:00,1366,20,0.333333,118
1503960366,2016-04-29 22:00:00,1111,27,0.45,111
1503960366,2016-04-29 23:00:00,1757,56,0.933333,140
1503960366,2016-04-30 00:00:00,19,1,0.016667,51
1503960366,2016-04-30 01:00:00,65,7,0.116667,57
1503960366,2016-04-30 02:00:00,0,0,0.0,47
1503960366,2016-04-30 03:00:00,6,1,0.016667,49
1503960366,2016-04-30 04:00:00,0,0,0.0,47
1503960366,2016-04-30 05:00:00,0,0,0.0,48
1503960366,2016-04-30 06:00:00,0,0,0.0,48
1503960366,2016-04-30 07:00:00,0,0,0.0,48
1503960366,2016-04-30 08:00:00,60,3,0.05,52
1503960366,2016-04-30 09:00:00,148,11,0.183333,64
1503960366,2016-04-30 10:00:00,239,17,0.283333,72
1503960366,2016-04-30 11:00:00,127,7,0.116667,62
1503960366,2016-04-30 12:00:00,92,4,0.066667,58
1503960366,2016-04-30 13:00:00,141,11,0.183333,65
1503960366,2016-04-30 14:00:00,520,22,0.366667,85
1503960366,2016-04-30 15:00:00,993,26,0.433333,94
1503960366,2016-04-30 16:00:00,3388,99,1.65,203
1503960366,2016-04-30 17:00:00,2176,55,0.916667,160
1503960366,2016-04-30 18:00:00,2319,71,1.183333,159
1503960366,2016-04-30 19:00:00,92,4,0.066667,60
1503960366,2016-04-30 20:00:00,117,5,0.083333,62
1503960366,2016-04-30 21:00:00,840,22,0.366667,96
1503960366,2016-04-30 22:00:00,2139,47,0.783333,144
1503960366,2016-04-30 23:00:00,1192,28,0.466667,116
1503960366,2016-05-01 00:00:00,247,9,0.15,64
1503960366,2016-05-01 01:00:00,59,8,0.133333,60
1503960366,2016-05-01 02:00:00,36,2,0.033333,50
1503960366,2016-05-01 03:00:00,4,1,0.016667,48
1503960366,2016-05-01 04:00:00,0,0,0.0,47
1503960366,2016-05-01 05:00:00,0,0,0.0,48
1503960366,2016-05-01 06:00:00,0,0,0.0,47
1503960366,2016-05-01 07:00:00,41,3,0.05,52
1503960366,2016-05-01 08:00:00,94,6,0.1,56
1503960366,2016-05-01 09:00:00,198,12,0.2,67
1503960366,2016-05-01 10:00:00,146,6,0.1,61
1503960366,2016-05-01 11:00:00,103,10,0.166667,65
1503960366,2016-05-01 12:00:00,130,10,0.166667,66
1503960366,2016-05-01 13:00:00,85,5,0.083333,57
1503960366,2016-05-01 14:00:00,540,25,0.416667,91
1503960366,2016-05-01 15:00:00,294,21,0.35,81
1503960366,2016-05-01 16:00:00,823,23,0.383333,97
1503960366,2016-05-01 17:00:00,1053,33,0.55,108
1503960366,2016-05-01 18:00:00,2007,70,1.166667,159
1503960366,2016-05-01 19:00:00,177,14,0.233333,71
1503960366,2016-05-01 20:00:00,93,6,0.1,59
1503960366,2016-05-01 21:00:00,363,25,0.416667,86
1503960366,2016-05-01 22:00:00,1552,50,0.833333,127
1503960366,2016-05-01 23:00:00,2557,76,1.266667,161
1503960366,2016-05-02 00:00:00,0,0,0.0,50
1503960366,2016-05-02 01:00:00,119,7,0.116667,59
1503960366,2016-05-02 02:00:00,0,0,0.0,47
1503960366,2016-05-02 03:00:00,21,1,0.016667,49
1503960366,2016-05-02 04:00:00,0,0,0.0,47
1503960366,2016-05-02 05:00:00,0,0,0.0,47
1503960366,2016-05-02 06:00:00,0,0,0.0,47
1503960366,2016-05-02 07:00:00,28,3,0.05,51
1503960366,2016-05-02 08:00:00,245,12,0.2,68
1503960366,2016-05-02 09:00:00,1690,30,0.5,142
1503960366,2016-05-02 10:00:00,369,19,0.316667,82
1503960366,2016-05-02 11:00:00,384,16,0.266667,78
1503960366,2016-05-02 12:00:00,2116,64,1.066667,153
1503960366,2016-05-02 13:00:00,1064,21,0.35,107
1503960366,2016-05-02 14:00:00,355,13,0.216667,75
1503960366,2016-05-02 15:00:00,418,11,0.183333,76
1503960366,2016-05-02 16:00:00,420,24,0.4,88
1503960366,2016-05-02 17:00:00,340,12,0.2,73
1503960366,2016-05-02 18:00:00,227,9,0.15,68
1503960366,2016-05-02 19:00:00,235,13,0.216667,73
1503960366,2016-05-02 20:00:00,3903,105,1.75,231
1503960366,2016-05-02 21:00:00,1427,25,0.416667,119
1503960366,2016-05-02 22:00:00,945,28,0.466667,106
1503960366,2016-05-02 23:00:00,404,17,0.283333,80
1503960366,2016-05-03 00:00:00,55,3,0.05,54
1503960366,2016-05-03 01:00:00,79,6,0.1,58
1503960366,2016-05-03 02:00:00,20,1,0.016667,49
1503960366,2016-05-03 03:00:00,110,5,0.083333,57
1503960366,2016-05-03 04:00:00,0,0,0.0,47
1503960366,2016-05-03 05:00:00,0,0,0.0,47
1503960366,2016-05-03 06:00:00,16,2,0.033333,50
1503960366,2016-05-03 07:00:00,23,3,0.05,51
1503960366,2016-05-03 08:00:00,158,11,0.183333,64
1503960366,2016-05-03 09:00:00,1391,24,0.4,114
1503960366,2016-05-03 10:00:00,955,25,0.416667,99
1503960366,2016-05-03 11:00:00,297,12,0.2,74
1503960366,2016-05-03 12:00:00,396,17,0.283333,81
1503960366,2016-05-03 13:00:00,309,23,0.383333,83
1503960366,2016-05-03 14:00:00,384,26,0.433333,88
1503960366,2016-05-03 15:00:00,1719,46,0.766667,136
1503960366,2016-05-03 16:00:00,870,33,0.55,103
1503960366,2016-05-03 17:00:00,690,18,0.3,89
1503960366,2016-05-03 18:00:00,3119,86,1.433333,191
1503960366,2016-05-03 19:00:00,140,5,0.083333,58
1503960366,2016-05-03 20:00:00,6,1,0.016667,50
1503960366,2016-05-03 21:00:00,1333,37,0.616667,109
1503960366,2016-05-03 22:00:00,2549,58,0.966667,163
1503960366,2016-05-03 23:00:00,484,10,0.166667,77
1503960366,2016-05-04 00:00:00,400,17,0.283333,79
1503960366,2016-05-04 01:00:00,18,2,0.033333,53
1503960366,2016-05-04 02:00:00,0,0,0.0,47
1503960366,2016-05-04 03:00:00,0,0,0.0,47
1503960366,2016-05-04 04:00:00,0,0,0.0,47
1503960366,2016-05-04 05:00:00,0,0,0.0,47
1503960366,2016-05-04 06:00:00,0,0,0.0,47
1503960366,2016-05-04 07:00:00,0,0,0.0,47
1503960366,2016-05-04 08:00:00,68,4,0.066667,53
1503960366,2016-05-04 09:00:00,1470,22,0.366667,125
1503960366,2016-05-04 10:00:00,598,26,0.433333,87
1503960366,2016-05-04 11:00:00,194,7,0.116667,65
1503960366,2016-05-04 12:00:00,366,12,0.2,75
1503960366,2016-05-04 13:00:00,318,16,0.266667,76
1503960366,2016-05-04 14:00:00,2284,67,1.116667,152
1503960366,2016-05-04 15:00:00,138,7,0.116667,65
1503960366,2016-05-04 16:00:00,144,6,0.1,64
1503960366,2016-05-04 17:00:00,341,11,0.183333,71
1503960366,2016-05-04 18:00:00,2041,62,1.033333,145
1503960366,2016-05-04 19:00:00,205,19,0.316667,78
1503960366,2016-05-04 20:00:00,1316,30,0.5,124
1503960366,2016-05-04 21:00:00,1106,39,0.65,110
1503960366,2016-05-04 22:00:00,93,8,0.133333,63
1503960366,2016-05-04 23:00:00,0,0,0.0,52
1503960366,2016-05-05 00:00:00,70,6,0.1,56
1503960366,2016-05-05 01:00:00,113,6,0.1,58
1503960366,2016-05-05 02:00:00,19,2,0.033333,52
1503960366,2016-05-05 03:00:00,0,0,0.0,47
1503960366,2016-05-05 04:00:00,44,4,0.066667,53
1503960366,2016-05-05 05:00:00,0,0,0.0,47
1503960366,2016-05-05 06:00:00,8,1,0.016667,49
1503960366,2016-05-05 07:00:00,23,3,0.05,51
1503960366,2016-05-05 08:00:00,107,10,0.166667,61
1503960366,2016-05-05 09:00:00,1615,26,0.433333,131
1503960366,2016-05-05 10:00:00,360,15,0.25,78
1503960366,2016-05-05 11:00:00,28,4,0.066667,59
1503960366,2016-05-05 12:00:00,318,13,0.216667,75
1503960366,2016-05-05 13:00:00,1231,21,0.35,110
1503960366,2016-05-05 14:00:00,375,12,0.2,75
1503960366,2016-05-05 15:00:00,187,14,0.233333,72
1503960366,2016-05-05 16:00:00,989,21,0.35,102
1503960366,2016-05-05 17:00:00,2217,70,1.166667,154
1503960366,2016-05-05 18:00:00,715,30,0.5,95
1503960366,2016-05-05 19:00:00,348,20,0.333333,82
1503960366,2016-05-05 20:00:00,283,19,0.316667,79
1503960366,2016-05-05 21:00:00,3897,113,1.883333,219
1503960366,2016-05-05 22:00:00,900,17,0.283333,95
1503960366,2016-05-05 23:00:00,200,6,0.1,60
1503960366,2016-05-06 00:00:00,186,12,0.2,68
1503960366,2016-05-06 01:00:00,4,1,0.016667,51
1503960366,2016-05-06 02:00:00,88,7,0.116667,57
1503960366,2016-05-06 03:00:00,0,0,0.0,47
1503960366,2016-05-06 04:00:00,19,1,0.016667,48
1503960366,2016-05-06 05:00:00,0,0,0.0,47
1503960366,2016-05-06 06:00:00,0,0,0.0,48
1503960366,2016-05-06 07:00:00,23,3,0.05,51
1503960366,2016-05-06 08:00:00,146,9,0.15,63
1503960366,2016-05-06 09:00:00,1683,29,0.483333,134
1503960366,2016-05-06 10:00:00,504,20,0.333333,85
1503960366,2016-05-06 11:00:00,234,6,0.1,65
1503960366,2016-05-06 12:00:00,261,13,0.216667,72
1503960366,2016-05-06 13:00:00,175,10,0.166667,66
1503960366,2016-05-06 14:00:00,535,15,0.25,83
1503960366,2016-05-06 15:00:00,900,27,0.45,104
1503960366,2016-05-06 16:00:00,335,17,0.283333,78
1503960366,2016-05-06 17:00:00,279,13,0.216667,73
1503960366,2016-05-06 18:00:00,1532,28,0.466667,127
1503960366,2016-05-06 19:00:00,2500,55,0.916667,172
1503960366,2016-05-06 20:00:00,255,16,0.266667,73
1503960366,2016-05-06 21:00:00,514,20,0.333333,83
1503960366,2016-05-06 22:00:00,375,19,0.316667,78
1503960366,2016-05-06 23:00:00,1611,52,0.866667,124
1503960366,2016-05-07 00:00:00,168,9,0.15,65
1503960366,2016-05-07 01:00:00,0,0,0.0,48
1503960366,2016-05-07 02:00:00,19,2,0.033333,50
1503960366,2016-05-07 03:00:00,0,0,0.0,47
1503960366,2016-05-07 04:00:00,0,0,0.0,48
1503960366,2016-05-07 05:00:00,0,0,0.0,47
1503960366,2016-05-07 06:00:00,0,0,0.0,47
1503960366,2016-05-07 07:00:00,0,0,0.0,47
1503960366,2016-05-07 08:00:00,132,9,0.15,61
1503960366,2016-05-07 09:00:00,115,7,0.116667,59
1503960366,2016-05-07 10:00:00,1291,46,0.766667,133
1503960366,2016-05-07 11:00:00,2352,59,0.983333,164
1503960366,2016-05-07 12:00:00,129,6,0.1,62
1503960366,2016-05-07 13:00:00,77,2,0.033333,55
1503960366,2016-05-07 14:00:00,125,9,0.15,64
1503960366,2016-05-07 15:00:00,318,4,0.066667,65
1503960366,2016-05-07 16:00:00,259,10,0.166667,68
1503960366,2016-05-07 17:00:00,173,6,0.1,64
1503960366,2016-05-07 18:00:00,253,13,0.216667,71
1503960366,2016-05-07 19:00:00,652,21,0.35,91
1503960366,2016-05-07 20:00:00,102,3,0.05,59
1503960366,2016-05-07 21:00:00,2073,61,1.016667,140
1503960366,2016-05-07 22:00:00,3696,108,1.8,209
1503960366,2016-05-07 23:00:00,58,3,0.05,55
1503960366,2016-05-08 00:00:00,147,8,0.133333,62
1503960366,2016-05-08 01:00:00,0,0,0.0,48
1503960366,2016-05-08 02:00:00,0,0,0.0,47
1503960366,2016-05-08 03:00:00,0,0,0.0,47
1503960366,2016-05-08 04:00:00,6,1,0.016667,48
1503960366,2016-05-08 05:00:00,0,0,0.0,47
1503960366,2016-05-08 06:00:00,7,1,0.016667,48
1503960366,2016-05-08 07:00:00,0,0,0.0,47
1503960366,2016-05-08 08:00:00,0,0,0.0,47
1503960366,2016-05-08 09:00:00,0,0,0.0,47
1503960366,2016-05-08 10:00:00,0,0,0.0,47
1503960366,2016-05-08 11:00:00,0,0,0.0,47
1503960366,2016-05-08 12:00:00,511,22,0.366667,85
1503960366,2016-05-08 13:00:00,227,8,0.133333,65
1503960366,2016-05-08 14:00:00,660,30,0.5,98
1503960366,2016-05-08 15:00:00,341,10,0.166667,68
1503960366,2016-05-08 16:00:00,100,5,0.083333,58
1503960366,2016-05-08 17:00:00,240,14,0.233333,69
1503960366,2016-05-08 18:00:00,4472,115,1.916667,261
1503960366,2016-05-08 19:00:00,1069,36,0.6,107
1503960366,2016-05-08 20:00:00,793,28,0.466667,88
1503960366,2016-05-08 21:00:00,663,33,0.55,101
1503960366,2016-05-08 22:00:00,553,29,0.483333,92
1503960366,2016-05-08 23:00:00,271,11,0.183333,66
1503960366,2016-05-09 00:00:00,135,9,0.15,60
1503960366,2016-05-09 01:00:00,0,0,0.0,47
1503960366,2016-05-09 02:00:00,0,0,0.0,47
1503960366,2016-05-09 03:00:00,0,0,0.0,47
1503960366,2016-05-09 04:00:00,0,0,0.0,47
1503960366,2016-05-09 05:00:00,14,1,0.016667,49
1503960366,2016-05-09 06:00:00,408,22,0.366667,81
1503960366,2016-05-09 07:00:00,214,6,0.1,63
1503960366,2016-05-09 08:00:00,109,3,0.05,58
1503960366,2016-05-09 09:00:00,160,3,0.05,58
1503960366,2016-05-09 10:00:00,322,10,0.166667,69
1503960366,2016-05-09 11:00:00,477,6,0.1,74
1503960366,2016-05-09 12:00:00,507,12,0.2,79
1503960366,2016-05-09 13:00:00,7,1,0.016667,52
1503960366,2016-05-09 14:00:00,0,0,0.0,51
1503960366,2016-05-09 15:00:00,22,1,0.016667,53
1503960366,2016-05-09 16:00:00,2692,75,1.25,176
1503960366,2016-05-09 17:00:00,1260,37,0.616667,125
1503960366,2016-05-09 18:00:00,624,25,0.416667,90
1503960366,2016-05-09 19:00:00,1062,39,0.65,115
1503960366,2016-05-09 20:00:00,1325,43,0.716667,117
1503960366,2016-05-09 21:00:00,2684,73,1.216667,168
1503960366,2016-05-09 22:00:00,0,0,0.0,47
1503960366,2016-05-09 23:00:00,0,0,0.0,47
1503960366,2016-05-10 00:00:00,0,0,0.0,47
1503960366,2016-05-10 01:00:00,92,6,0.1,58
1503960366,2016-05-10 02:00:00,0,0,0.0,47
1503960366,2016-05-10 03:00:00,0,0,0.0,47
1503960366,2016-05-10 04:00:00,0,0,0.0,47
1503960366,2016-05-10 05:00:00,0,0,0.0,47
1503960366,2016-05-10 06:00:00,0,0,0.0,47
1503960366,2016-05-10 07:00:00,47,4,0.066667,53
1503960366,2016-05-10 08:00:00,227,11,0.183333,67
1503960366,2016-05-10 09:00:00,1461,24,0.4,118
1503960366,2016-05-10 10:00:00,258,16,0.266667,76
1503960366,2016-05-10 11:00:00,988,35,0.583333,102
1503960366,2016-05-10 12:00:00,74,6,0.1,63
1503960366,2016-05-10 13:00:00,234,14,0.233333,73
1503960366,2016-05-10 14:00:00,159,8,0.133333,66
1503960366,2016-05-10 15:00:00,1038,36,0.6,101
1503960366,2016-05-10 16:00:00,312,22,0.366667,83
1503960366,2016-05-10 17:00:00,645,17,0.283333,88
1503960366,2016-05-10 18:00:00,2494,69,1.15,160
1503960366,2016-05-10 19:00:00,1418,51,0.85,127
1503960366,2016-05-10 20:00:00,2480,73,1.216667,164
1503960366,2016-05-10 21:00:00,251,19,0.316667,77
1503960366,2016-05-10 22:00:00,0,0,0.0,50
1503960366,2016-05-10 23:00:00,29,3,0.05,53
1503960366,2016-05-11 00:00:00,266,14,0.233333,72
1503960366,2016-05-11 01:00:00,45,4,0.066667,54
1503960366,2016-05-11 02:00:00,73,4,0.066667,54
1503960366,2016-05-11 03:00:00,10,1,0.016667,49
1503960366,2016-05-11 04:00:00,0,0,0.0,47
1503960366,2016-05-11 05:00:00,0,0,0.0,47
1503960366,2016-05-11 06:00:00,0,0,0.0,47
1503960366,2016-05-11 07:00:00,47,5,0.083333,53
1503960366,2016-05-11 08:00:00,312,21,0.35,78
1503960366,2016-05-11 09:00:00,1914,32,0.533333,144
1503960366,2016-05-11 10:00:00,644,19,0.316667,89
1503960366,2016-05-11 11:00:00,259,15,0.25,75
1503960366,2016-05-11 12:00:00,116,6,0.1,63
1503960366,2016-05-11 13:00:00,811,23,0.383333,101
1503960366,2016-05-11 14:00:00,1560,52,0.866667,130
1503960366,2016-05-11 15:00:00,348,9,0.15,72
1503960366,2016-05-11 16:00:00,289,7,0.116667,70
1503960366,2016-05-11 17:00:00,245,7,0.116667,67
1503960366,2016-05-11 18:00:00,3449,102,1.7,208
1503960366,2016-05-11 19:00:00,293,30,0.5,90
1503960366,2016-05-11 20:00:00,1209,42,0.7,114
1624580081,2016-04-12 00:00:00,31,4,0.066667,55
1624580081,2016-04-12 01:00:00,0,1,0.016667,51
1624580081,2016-04-12 02:00:00,0,0,0.0,50
1624580081,2016-04-12 03:00:00,7,1,0.016667,51
1624580081,2016-04-12 04:00:00,0,0,0.0,50
1624580081,2016-04-12 05:00:00,0,0,0.0,50
1624580081,2016-04-12 06:00:00,0,0,0.0,50
1624580081,2016-04-12 07:00:00,0,0,0.0,50
1624580081,2016-04-12 08:00:00,0,1,0.016667,51
1624580081,2016-04-12 09:00:00,1085,18,0.3,74
1624580081,2016-04-12 10:00:00,5375,60,1.0,141
1624580081,2016-04-12 11:00:00,129,4,0.066667,56
1624580081,2016-04-12 12:00:00,81,5,0.083333,57
1624580081,2016-04-12 13:00:00,67,2,0.033333,54
1624580081,2016-04-12 14:00:00,43,3,0.05,55
1624580081,2016-04-12 15:00:00,0,2,0.033333,52
1624580081,2016-04-12 16:00:00,79,2,0.033333,54
1624580081,2016-04-12 17:00:00,235,6,0.1,63
1624580081,2016-04-12 18:00:00,257,7,0.116667,62
1624580081,2016-04-12 19:00:00,501,12,0.2,77
1624580081,2016-04-12 20:00:00,99,6,0.1,60
1624580081,2016-04-12 21:00:00,0,0,0.0,50
1624580081,2016-04-12 22:00:00,0,0,0.0,50
1624580081,2016-04-12 23:00:00,174,12,0.2,70
1624580081,2016-04-13 00:00:00,75,6,0.1,58
1624580081,2016-04-13 01:00:00,0,1,0.016667,51
1624580081,2016-04-13 02:00:00,0,0,0.0,50
1624580081,2016-04-13 03:00:00,0,0,0.0,50
1624580081,2016-04-13 04:00:00,0,0,0.0,50
1624580081,2016-04-13 05:00:00,0,0,0.0,50
1624580081,2016-04-13 06:00:00,0,0,0.0,50
1624580081,2016-04-13 07:00:00,0,0,0.0,50
1624580081,2016-04-13 08:00:00,0,1,0.016667,51
1624580081,2016-04-13 09:00:00,1663,29,0.483333,90
1624580081,2016-04-13 10:00:00,3685,45,0.75,112
1624580081,2016-04-13 11:00:00,608,12,0.2,68
1624580081,2016-04-13 12:00:00,80,6,0.1,59
1624580081,2016-04-13 13:00:00,0,0,0.0,50
1624580081,2016-04-13 14:00:00,36,4,0.066667,55
1624580081,2016-04-13 15:00:00,0,0,0.0,50
1624580081,2016-04-13 16:00:00,126,5,0.083333,59
1624580081,2016-04-13 17:00:00,39,5,0.083333,56
1624580081,2016-04-13 18:00:00,491,17,0.283333,79
1624580081,2016-04-13 19:00:00,7,1,0.016667,52
1624580081,2016-04-13 20:00:00,14,3,0.05,54
1624580081,2016-04-13 21:00:00,183,11,0.183333,66
1624580081,2016-04-13 22:00:00,0,0,0.0,50
1624580081,2016-04-13 23:00:00,0,2,0.033333,52
1624580081,2016-04-14 00:00:00,0,1,0.016667,51
1624580081,2016-04-14 01:00:00,0,0,0.0,50
1624580081,2016-04-14 02:00:00,0,1,0.016667,51
1624580081,2016-04-14 03:00:00,0,0,0.0,50
1624580081,2016-04-14 04:00:00,0,0,0.0,50
1624580081,2016-04-14 05:00:00,0,0,0.0,50
1624580081,2016-04-14 06:00:00,0,0,0.0,50
1624580081,2016-04-14 07:00:00,0,1,0.016667,51
1624580081,2016-04-14 08:00:00,1958,31,0.516667,95
1624580081,2016-04-14 09:00:00,4148,45,0.75,118
1624580081,2016-04-14 10:00:00,141,7,0.116667,60
1624580081,2016-04-14 11:00:00,468,18,0.3,78
1624580081,2016-04-14 12:00:00,0,2,0.033333,52
1624580081,2016-04-14 13:00:00,0,0,0.0,50
1624580081,2016-04-14 14:00:00,87,3,0.05,55
1624580081,2016-04-14 15:00:00,34,3,0.05,54
1624580081,2016-04-14 16:00:00,170,14,0.233333,72
1624580081,2016-04-14 17:00:00,1197,34,0.566667,127
1624580081,2016-04-14 18:00:00,182,19,0.316667,78
1624580081,2016-04-14 19:00:00,445,24,0.4,86
1624580081,2016-04-14 20:00:00,0,6,0.1,58
1624580081,2016-04-14 21:00:00,227,15,0.25,74
1624580081,2016-04-14 22:00:00,0,0,0.0,50
1624580081,2016-04-14 23:00:00,50,12,0.2,65
1624580081,2016-04-15 00:00:00,178,12,0.2,70
1624580081,2016-04-15 01:00:00,6,2,0.033333,53
1624580081,2016-04-15 02:00:00,0,0,0.0,50
1624580081,2016-04-15 03:00:00,0,0,0.0,50
1624580081,2016-04-15 04:00:00,0,0,0.0,50
1624580081,2016-04-15 05:00:00,0,0,0.0,50
1624580081,2016-04-15 06:00:00,0,1,0.016667,51
1624580081,2016-04-15 07:00:00,0,1,0.016667,51
1624580081,2016-04-15 08:00:00,0,0,0.0,50
1624580081,2016-04-15 09:00:00,0,0,0.0,50
1624580081,2016-04-15 10:00:00,0,0,0.0,50
1624580081,2016-04-15 11:00:00,415,25,0.416667,86
1624580081,2016-04-15 12:00:00,0,0,0.0,50
1624580081,2016-04-15 13:00:00,0,0,0.0,50
1624580081,2016-04-15 14:00:00,0,0,0.0,50
1624580081,2016-04-15 15:00:00,0,0,0.0,50
1624580081,2016-04-15 16:00:00,0,0,0.0,50
1624580081,2016-04-15 17:00:00,0,1,0.016667,51
1624580081,2016-04-15 18:00:00,6,3,0.05,54
1624580081,2016-04-15 19:00:00,386,25,0.416667,89
1624580081,2016-04-15 20:00:00,0,0,0.0,50
1624580081,2016-04-15 21:00:00,27,3,0.05,54
1624580081,2016-04-15 22:00:00,287,15,0.25,74
1624580081,2016-04-15 23:00:00,185,8,0.133333,63
1624580081,2016-04-16 00:00:00,465,18,0.3,78
1624580081,2016-04-16 01:00:00,0,0,0.0,50
1624580081,2016-04-16 02:00:00,81,5,0.083333,56
1624580081,2016-04-16 03:00:00,0,0,0.0,50
1624580081,2016-04-16 04:00:00,0,0,0.0,50
1624580081,2016-04-16 05:00:00,0,0,0.0,50
1624580081,2016-04-16 06:00:00,0,0,0.0,50
1624580081,2016-04-16 07:00:00,0,0,0.0,50
1624580081,2016-04-16 08:00:00,0,0,0.0,50
1624580081,2016-04-16 09:00:00,0,0,0.0,50
1624580081,2016-04-16 10:00:00,259,11,0.183333,67
1624580081,2016-04-16 11:00:00,231,6,0.1,61
1624580081,2016-04-16 12:00:00,126,5,0.083333,59
1624580081,2016-04-16 13:00:00,0,0,0.0,50
1624580081,2016-04-16 14:00:00,291,10,0.166667,68
1624580081,2016-04-16 15:00:00,82,5,0.083333,56
1624580081,2016-04-16 16:00:00,0,0,0.0,50
1624580081,2016-04-16 17:00:00,39,4,0.066667,56
1624580081,2016-04-16 18:00:00,0,2,0.033333,53
1624580081,2016-04-16 19:00:00,472,27,0.45,90
1624580081,2016-04-16 20:00:00,28,4,0.066667,55
1624580081,2016-04-16 21:00:00,1211,31,0.516667,94
1624580081,2016-04-16 22:00:00,1962,44,0.733333,115
1624580081,2016-04-16 23:00:00,123,4,0.066667,58
1624580081,2016-04-17 00:00:00,115,5,0.083333,57
1624580081,2016-04-17 01:00:00,0,1,0.016667,51
1624580081,2016-04-17 02:00:00,67,2,0.033333,52
1624580081,2016-04-17 03:00:00,0,0,0.0,50
1624580081,2016-04-17 04:00:00,0,0,0.0,50
1624580081,2016-04-17 05:00:00,0,1,0.016667,51
1624580081,2016-04-17 06:00:00,0,0,0.0,50
1624580081,2016-04-17 07:00:00,0,0,0.0,50
1624580081,2016-04-17 08:00:00,0,0,0.0,50
1624580081,2016-04-17 09:00:00,0,2,0.033333,52
1624580081,2016-04-17 10:00:00,49,4,0.066667,56
1624580081,2016-04-17 11:00:00,0,2,0.033333,52
1624580081,2016-04-17 12:00:00,193,19,0.316667,78
1624580081,2016-04-17 13:00:00,1374,44,0.733333,122
1624580081,2016-04-17 14:00:00,657,18,0.3,80
1624580081,2016-04-17 15:00:00,19,4,0.066667,56
1624580081,2016-04-17 16:00:00,0,0,0.0,50
1624580081,2016-04-17 17:00:00,2047,50,0.833333,129
1624580081,2016-04-17 18:00:00,401,10,0.166667,73
1624580081,2016-04-17 19:00:00,782,18,0.3,91
1624580081,2016-04-17 20:00:00,156,19,0.316667,79
1624580081,2016-04-17 21:00:00,173,7,0.116667,63
1624580081,2016-04-17 22:00:00,28,6,0.1,58
1624580081,2016-04-17 23:00:00,89,4,0.066667,55
1624580081,2016-04-18 00:00:00,59,3,0.05,54
1624580081,2016-04-18 01:00:00,29,4,0.066667,55
1624580081,2016-04-18 02:00:00,0,1,0.016667,51
1624580081,2016-04-18 03:00:00,0,0,0.0,50
1624580081,2016-04-18 04:00:00,0,0,0.0,50
1624580081,2016-04-18 05:00:00,0,0,0.0,50
1624580081,2016-04-18 06:00:00,0,0,0.0,50
1624580081,2016-04-18 07:00:00,354,9,0.15,63
1624580081,2016-04-18 08:00:00,4120,49,0.816667,120
1624580081,2016-04-18 09:00:00,17,5,0.083333,57
1624580081,2016-04-18 10:00:00,458,18,0.3,78
1624580081,2016-04-18 11:00:00,261,13,0.216667,68
1624580081,2016-04-18 12:00:00,6,1,0.016667,51
1624580081,2016-04-18 13:00:00,0,0,0.0,50
1624580081,2016-04-18 14:00:00,0,0,0.0,50
1624580081,2016-04-18 15:00:00,812,28,0.466667,90
1624580081,2016-04-18 16:00:00,3242,70,1.166667,166
1624580081,2016-04-18 17:00:00,186,7,0.116667,61
1624580081,2016-04-18 18:00:00,314,11,0.183333,72
1624580081,2016-04-18 19:00:00,131,9,0.15,62
1624580081,2016-04-18 20:00:00,180,10,0.166667,66
1624580081,2016-04-18 21:00:00,120,12,0.2,65
1624580081,2016-04-18 22:00:00,124,9,0.15,62
1624580081,2016-04-18 23:00:00,123,8,0.133333,63
1624580081,2016-04-19 00:00:00,0,2,0.033333,52
1624580081,2016-04-19 01:00:00,0,0,0.0,50
1624580081,2016-04-19 02:00:00,0,0,0.0,50
1624580081,2016-04-19 03:00:00,0,0,0.0,50
1624580081,2016-04-19 04:00:00,0,0,0.0,50
1624580081,2016-04-19 05:00:00,106,7,0.116667,60
1624580081,2016-04-19 06:00:00,333,16,0.266667,77
1624580081,2016-04-19 07:00:00,13,3,0.05,54
1624580081,2016-04-19 08:00:00,227,12,0.2,66
1624580081,2016-04-19 09:00:00,0,1,0.016667,51
1624580081,2016-04-19 10:00:00,0,0,0.0,50
1624580081,2016-04-19 11:00:00,120,10,0.166667,64
1624580081,2016-04-19 12:00:00,826,30,0.5,109
1624580081,2016-04-19 13:00:00,235,9,0.15,70
1624580081,2016-04-19 14:00:00,495,15,0.25,71
1624580081,2016-04-19 15:00:00,0,0,0.0,50
1624580081,2016-04-19 16:00:00,0,2,0.033333,53
1624580081,2016-04-19 17:00:00,0,1,0.016667,52
1624580081,2016-04-19 18:00:00,351,14,0.233333,80
1624580081,2016-04-19 19:00:00,137,3,0.05,59
1624580081,2016-04-19 20:00:00,12,4,0.066667,55
1624580081,2016-04-19 21:00:00,22,4,0.066667,55
1624580081,2016-04-19 22:00:00,39,7,0.116667,59
1624580081,2016-04-19 23:00:00,0,1,0.016667,51
1624580081,2016-04-20 00:00:00,123,7,0.116667,60
1624580081,2016-04-20 01:00:00,0,0,0.0,50
1624580081,2016-04-20 02:00:00,0,0,0.0,50
1624580081,2016-04-20 03:00:00,0,0,0.0,50
1624580081,2016-04-20 04:00:00,0,0,0.0,50
1624580081,2016-04-20 05:00:00,0,0,0.0,50
1624580081,2016-04-20 06:00:00,0,0,0.0,50
1624580081,2016-04-20 07:00:00,0,0,0.0,50
1624580081,2016-04-20 08:00:00,0,1,0.016667,51
1624580081,2016-04-20 09:00:00,2608,44,0.733333,117
1624580081,2016-04-20 10:00:00,159,7,0.116667,59
1624580081,2016-04-20 11:00:00,89,6,0.1,60
1624580081,2016-04-20 12:00:00,319,14,0.233333,75
1624580081,2016-04-20 13:00:00,8,3,0.05,54
1624580081,2016-04-20 14:00:00,0,3,0.05,54
1624580081,2016-04-20 15:00:00,46,6,0.1,59
1624580081,2016-04-20 16:00:00,311,12,0.2,69
1624580081,2016-04-20 17:00:00,353,9,0.15,68
1624580081,2016-04-20 18:00:00,445,17,0.283333,82
1624580081,2016-04-20 19:00:00,62,3,0.05,56
1624580081,2016-04-20 20:00:00,26,1,0.016667,52
1624580081,2016-04-20 21:00:00,35,3,0.05,55
1624580081,2016-04-20 22:00:00,264,10,0.166667,71
1624580081,2016-04-20 23:00:00,126,5,0.083333,56
1624580081,2016-04-21 00:00:00,9,1,0.016667,51
1624580081,2016-04-21 01:00:00,0,0,0.0,50
1624580081,2016-04-21 02:00:00,0,2,0.033333,52
1624580081,2016-04-21 03:00:00,106,2,0.033333,54
1624580081,2016-04-21 04:00:00,0,0,0.0,50
1624580081,2016-04-21 05:00:00,0,0,0.0,50
1624580081,2016-04-21 06:00:00,0,1,0.016667,51
1624580081,2016-04-21 07:00:00,0,0,0.0,50
1624580081,2016-04-21 08:00:00,0,1,0.016667,51
1624580081,2016-04-21 09:00:00,186,6,0.1,61
1624580081,2016-04-21 10:00:00,502,8,0.133333,62
1624580081,2016-04-21 11:00:00,339,15,0.25,78
1624580081,2016-04-21 12:00:00,9,1,0.016667,51
1624580081,2016-04-21 13:00:00,0,0,0.0,50
1624580081,2016-04-21 14:00:00,226,11,0.183333,68
1624580081,2016-04-21 15:00:00,111,3,0.05,55
1624580081,2016-04-21 16:00:00,28,3,0.05,54
1624580081,2016-04-21 17:00:00,218,8,0.133333,64
1624580081,2016-04-21 18:00:00,1287,35,0.583333,97
1624580081,2016-04-21 19:00:00,2880,56,0.933333,124
1624580081,2016-04-21 20:00:00,88,7,0.116667,60
1624580081,2016-04-21 21:00:00,180,12,0.2,68
1624580081,2016-04-21 22:00:00,180,12,0.2,65
1624580081,2016-04-21 23:00:00,0,2,0.033333,52
1624580081,2016-04-22 00:00:00,0,1,0.016667,51
1624580081,2016-04-22 01:00:00,0,0,0.0,50
1624580081,2016-04-22 02:00:00,0,0,0.0,50
1624580081,2016-04-22 03:00:00,105,2,0.033333,54
1624580081,2016-04-22 04:00:00,0,0,0.0,50
1624580081,2016-04-22 05:00:00,0,0,0.0,50
1624580081,2016-04-22 06:00:00,0,0,0.0,50
1624580081,2016-04-22 07:00:00,142,16,0.266667,70
1624580081,2016-04-22 08:00:00,0,2,0.033333,52
1624580081,2016-04-22 09:00:00,12,2,0.033333,53
1624580081,2016-04-22 10:00:00,240,10,0.166667,63
1624580081,2016-04-22 11:00:00,205,12,0.2,68
1624580081,2016-04-22 12:00:00,55,4,0.066667,56
1624580081,2016-04-22 13:00:00,149,6,0.1,60
1624580081,2016-04-22 14:00:00,0,1,0.016667,51
1624580081,2016-04-22 15:00:00,0,3,0.05,53
1624580081,2016-04-22 16:00:00,102,4,0.066667,55
1624580081,2016-04-22 17:00:00,58,5,0.083333,57
1624580081,2016-04-22 18:00:00,9,1,0.016667,51
1624580081,2016-04-22 19:00:00,345,32,0.533333,96
1624580081,2016-04-22 20:00:00,671,31,0.516667,91
1624580081,2016-04-22 21:00:00,430,20,0.333333,76
1624580081,2016-04-22 22:00:00,1013,28,0.466667,88
1624580081,2016-04-22 23:00:00,466,19,0.316667,76
1624580081,2016-04-23 00:00:00,218,9,0.15,68
1624580081,2016-04-23 01:00:00,16,4,0.066667,55
1624580081,2016-04-23 02:00:00,0,0,0.0,50
1624580081,2016-04-23 03:00:00,0,0,0.0,50
1624580081,2016-04-23 04:00:00,0,0,0.0,50
1624580081,2016-04-23 05:00:00,0,0,0.0,50
1624580081,2016-04-23 06:00:00,0,0,0.0,50
1624580081,2016-04-23 07:00:00,0,0,0.0,50
1624580081,2016-04-23 08:00:00,0,1,0.016667,51
1624580081,2016-04-23 09:00:00,150,9,0.15,63
1624580081,2016-04-23 10:00:00,722,17,0.283333,80
1624580081,2016-04-23 11:00:00,0,0,0.0,50
1624580081,2016-04-23 12:00:00,97,4,0.066667,58
1624580081,2016-04-23 13:00:00,39,1,0.016667,52
1624580081,2016-04-23 14:00:00,221,8,0.133333,64
1624580081,2016-04-23 15:00:00,0,2,0.033333,52
1624580081,2016-04-23 16:00:00,350,17,0.283333,77
1624580081,2016-04-23 17:00:00,8,2,0.033333,53
1624580081,2016-04-23 18:00:00,74,7,0.116667,60
