Id,Date,Intensity,METs,Calories,Steps
1503960366,2016-04-12 00:00:00,0,10,0.786499977111816,0
1503960366,2016-04-12 00:01:00,0,10,0.786499977111816,0
1503960366,2016-04-12 00:02:00,0,10,0.786499977111816,0
1503960366,2016-04-12 00:03:00,0,10,0.786499977111816,0
1503960366,2016-04-12 00:04:00,0,10,0.786499977111816,0
1503960366,2016-04-12 00:05:00,0,12,0.94379997253418,0
1503960366,2016-04-12 00:06:00,0,12,0.94379997253418,0
1503960366,2016-04-12 00:07:00,0,12,0.94379997253418,0
1503960366,2016-04-12 00:08:00,0,12,0.94379997253418,0
1503960366,2016-04-12 00:09:00,0,12,0.94379997253418,0
1503960366,2016-04-12 00:10:00,0,12,0.94379997253418,0
1503960366,2016-04-12 00:11:00,0,12,0.94379997253418,0
1503960366,2016-04-12 00:12:00,0,10,0.786499977111816,0
1503960366,2016-04-12 00:13:00,0,10,0.786499977111816,0
1503960366,2016-04-12 00:14:00,0,12,0.94379997253418,0
1503960366,2016-04-12 00:15:00,0,10,0.786499977111816,0
1503960366,2016-04-12 00:16:00,0,12,0.94379997253418,0
1503960366,2016-04-12 00:17:00,0,10,0.786499977111816,0
1503960366,2016-04-12 00:18:00,0,10,0.786499977111816,0
1503960366,2016-04-12 00:19:00,0,10,0.786499977111816,0
1503960366,2016-04-12 00:20:00,0,12,0.94379997253418,0
1503960366,2016-04-12 00:21:00,0,12,0.94379997253418,0
1503960366,2016-04-12 00:22:00,0,12,0.94379997253418,0
1503960366,2016-04-12 00:23:00,0,12,0.94379997253418,0
1503960366,2016-04-12 00:24:00,0,12,0.94379997253418,0
1503960366,2016-04-12 00:25:00,1,26,2.04489994049072,7
1503960366,2016-04-12 00:26:00,0,12,0.94379997253418,0
1503960366,2016-04-12 00:27:00,0,12,0.94379997253418,0
1503960366,2016-04-12 00:28:00,0,12,0.94379997253418,0
1503960366,2016-04-12 00:29:00,1,32,2.51679992675781,32
1503960366,2016-04-12 00:30:00,0,12,0.94379997253418,0
1503960366,2016-04-12 00:31:00,0,12,0.94379997253418,0
1503960366,2016-04-12 00:32:00,0,12,0.94379997253418,0
1503960366,2016-04-12 00:33:00,0,12,0.94379997253418,0
1503960366,2016-04-12 00:34:00,1,36,2.83139991760254,41
1503960366,2016-04-12 00:35:00,1,32,2.51679992675781,29
1503960366,2016-04-12 00:36:00,1,26,2.04489994049072,8
1503960366,2016-04-12 00:37:00,1,32,2.51679992675781,26
1503960366,2016-04-12 00:38:00,1,30,2.35949993133545,22
1503960366,2016-04-12 00:39:00,1,28,2.20219993591309,17
1503960366,2016-04-12 00:40:00,1,32,2.51679992675781,26
1503960366,2016-04-12 00:41:00,1,28,2.20219993591309,16
1503960366,2016-04-12 00:42:00,0,10,0.786499977111816,0
1503960366,2016-04-12 00:43:00,0,12,0.94379997253418,0
1503960366,2016-04-12 00:44:00,0,12,0.94379997253418,0
1503960366,2016-04-12 00:45:00,1,26,2.04489994049072,8
1503960366,2016-04-12 00:46:00,0,12,0.94379997253418,0
1503960366,2016-04-12 00:47:00,1,26,2.04489994049072,10
1503960366,2016-04-12 00:48:00,1,34,2.67409992218018,35
1503960366,2016-04-12 00:49:00,1,28,2.20219993591309,14
1503960366,2016-04-12 00:50:00,1,28,2.20219993591309,17
1503960366,2016-04-12 00:51:00,1,26,2.04489994049072,10
1503960366,2016-04-12 00:52:00,1,24,1.88759994506836,5
1503960366,2016-04-12 00:53:00,1,30,2.35949993133545,21
1503960366,2016-04-12 00:54:00,0,12,0.94379997253418,0
1503960366,2016-04-12 00:55:00,1,28,2.20219993591309,18
1503960366,2016-04-12 00:56:00,0,12,0.94379997253418,0
1503960366,2016-04-12 00:57:00,0,12,0.94379997253418,0
1503960366,2016-04-12 00:58:00,1,26,2.04489994049072,11
1503960366,2016-04-12 00:59:00,0,12,0.94379997253418,0
1503960366,2016-04-12 01:00:00,0,12,0.94379997253418,0
1503960366,2016-04-12 01:01:00,1,34,2.67409992218018,36
1503960366,2016-04-12 01:02:00,1,26,2.04489994049072,9
1503960366,2016-04-12 01:03:00,1,34,2.67409992218018,34
1503960366,2016-04-12 01:04:00,1,30,2.35949993133545,23
1503960366,2016-04-12 01:05:00,0,12,0.94379997253418,0
1503960366,2016-04-12 01:06:00,0,10,0.786499977111816,0
1503960366,2016-04-12 01:07:00,0,10,0.786499977111816,0
1503960366,2016-04-12 01:08:00,0,10,0.786499977111816,0
1503960366,2016-04-12 01:09:00,0,10,0.786499977111816,0
1503960366,2016-04-12 01:10:00,0,10,0.786499977111816,0
1503960366,2016-04-12 01:11:00,0,12,0.94379997253418,0
1503960366,2016-04-12 01:12:00,0,12,0.94379997253418,0
1503960366,2016-04-12 01:13:00,0,12,0.94379997253418,0
1503960366,2016-04-12 01:14:00,1,28,2.20219993591309,15
1503960366,2016-04-12 01:15:00,1,26,2.04489994049072,12
1503960366,2016-04-12 01:16:00,0,12,0.94379997253418,0
1503960366,2016-04-12 01:17:00,0,12,0.94379997253418,0
1503960366,2016-04-12 01:18:00,0,12,0.94379997253418,0
1503960366,2016-04-12 01:19:00,1,32,2.51679992675781,26
1503960366,2016-04-12 01:20:00,1,24,1.88759994506836,5
1503960366,2016-04-12 01:21:00,0,10,0.786499977111816,0
1503960366,2016-04-12 01:22:00,0,10,0.786499977111816,0
1503960366,2016-04-12 01:23:00,0,10,0.786499977111816,0
1503960366,2016-04-12 01:24:00,0,10,0.786499977111816,0
1503960366,2016-04-12 01:25:00,0,10,0.786499977111816,0
1503960366,2016-04-12 01:26:00,0,10,0.786499977111816,0
1503960366,2016-04-12 01:27:00,0,10,0.786499977111816,0
1503960366,2016-04-12 01:28:00,0,10,0.786499977111816,0
1503960366,2016-04-12 01:29:00,0,10,0.786499977111816,0
1503960366,2016-04-12 01:30:00,0,10,0.786499977111816,0
1503960366,2016-04-12 01:31:00,0,10,0.786499977111816,0
1503960366,2016-04-12 01:32:00,0,10,0.786499977111816,0
1503960366,2016-04-12 01:33:00,0,10,0.786499977111816,0
1503960366,2016-04-12 01:34:00,0,10,0.786499977111816,0
1503960366,2016-04-12 01:35:00,0,10,0.786499977111816,0
1503960366,2016-04-12 01:36:00,0,10,0.786499977111816,0
1503960366,2016-04-12 01:37:00,0,10,0.786499977111816,0
1503960366,2016-04-12 01:38:00,0,10,0.786499977111816,0
1503960366,2016-04-12 01:39:00,0,10,0.786499977111816,0
1503960366,2016-04-12 01:40:00,0,10,0.786499977111816,0
1503960366,2016-04-12 01:41:00,0,10,0.786499977111816,0
1503960366,2016-04-12 01:42:00,0,10,0.786499977111816,0
1503960366,2016-04-12 01:43:00,0,10,0.786499977111816,0
1503960366,2016-04-12 01:44:00,0,10,0.786499977111816,0
1503960366,2016-04-12 01:45:00,0,10,0.786499977111816,0
1503960366,2016-04-12 01:46:00,0,10,0.786499977111816,0
1503960366,2016-04-12 01:47:00,0,10,0.786499977111816,0
1503960366,2016-04-12 01:48:00,0,10,0.786499977111816,0
1503960366,2016-04-12 01:49:00,0,10,0.786499977111816,0
1503960366,2016-04-12 01:50:00,0,10,0.786499977111816,0
1503960366,2016-04-12 01:51:00,0,10,0.786499977111816,0
1503960366,2016-04-12 01:52:00,0,10,0.786499977111816,0
1503960366,2016-04-12 01:53:00,0,10,0.786499977111816,0
1503960366,2016-04-12 01:54:00,0,10,0.786499977111816,0
1503960366,2016-04-12 01:55:00,0,10,0.786499977111816,0
1503960366,2016-04-12 01:56:00,0,10,0.786499977111816,0
1503960366,2016-04-12 01:57:00,0,10,0.786499977111816,0
1503960366,2016-04-12 01:58:00,0,10,0.786499977111816,0
1503960366,2016-04-12 01:59:00,0,10,0.786499977111816,0
1503960366,2016-04-12 02:00:00,0,10,0.786499977111816,0
1503960366,2016-04-12 02:01:00,0,10,0.786499977111816,0
1503960366,2016-04-12 02:02:00,0,10,0.786499977111816,0
1503960366,2016-04-12 02:03:00,0,10,0.786499977111816,0
1503960366,2016-04-12 02:04:00,0,10,0.786499977111816,0
1503960366,2016-04-12 02:05:00,0,10,0.786499977111816,0
1503960366,2016-04-12 02:06:00,0,10,0.786499977111816,0
1503960366,2016-04-12 02:07:00,0,10,0.786499977111816,0
1503960366,2016-04-12 02:08:00,0,10,0.786499977111816,0
1503960366,2016-04-12 02:09:00,0,10,0.786499977111816,0
1503960366,2016-04-12 02:10:00,0,10,0.786499977111816,0
1503960366,2016-04-12 02:11:00,0,10,0.786499977111816,0
1503960366,2016-04-12 02:12:00,0,10,0.786499977111816,0
1503960366,2016-04-12 02:13:00,0,10,0.786499977111816,0
1503960366,2016-04-12 02:14:00,0,10,0.786499977111816,0
1503960366,2016-04-12 02:15:00,0,10,0.786499977111816,0
1503960366,2016-04-12 02:16:00,0,10,0.786499977111816,0
1503960366,2016-04-12 02:17:00,0,10,0.786499977111816,0
1503960366,2016-04-12 02:18:00,0,10,0.786499977111816,0
1503960366,2016-04-12 02:19:00,0,10,0.786499977111816,0
1503960366,2016-04-12 02:20:00,0,10,0.786499977111816,0
1503960366,2016-04-12 02:21:00,0,10,0.786499977111816,0
1503960366,2016-04-12 02:22:00,0,10,0.786499977111816,0
1503960366,2016-04-12 02:23:00,0,10,0.786499977111816,0
1503960366,2016-04-12 02:24:00,0,10,0.786499977111816,0
1503960366,2016-04-12 02:25:00,0,10,0.786499977111816,0
1503960366,2016-04-12 02:26:00,0,10,0.786499977111816,0
1503960366,2016-04-12 02:27:00,0,10,0.786499977111816,0
1503960366,2016-04-12 02:28:00,0,10,0.786499977111816,0
1503960366,2016-04-12 02:29:00,0,10,0.786499977111816,0
1503960366,2016-04-12 02:30:00,0,10,0.786499977111816,0
1503960366,2016-04-12 02:31:00,0,10,0.786499977111816,0
1503960366,2016-04-12 02:32:00,0,10,0.786499977111816,0
1503960366,2016-04-12 02:33:00,0,10,0.786499977111816,0
1503960366,2016-04-12 02:34:00,0,10,0.786499977111816,0
1503960366,2016-04-12 02:35:00,0,10,0.786499977111816,0
1503960366,2016-04-12 02:36:00,1,30,2.35949993133545,25
1503960366,2016-04-12 02:37:00,1,30,2.35949993133545,24
1503960366,2016-04-12 02:38:00,1,26,2.04489994049072,7
1503960366,2016-04-12 02:39:00,1,30,2.35949993133545,22
1503960366,2016-04-12 02:40:00,0,12,0.94379997253418,0
1503960366,2016-04-12 02:41:00,0,10,0.786499977111816,0
1503960366,2016-04-12 02:42:00,0,10,0.786499977111816,0
1503960366,2016-04-12 02:43:00,0,10,0.786499977111816,0
1503960366,2016-04-12 02:44:00,0,10,0.786499977111816,0
1503960366,2016-04-12 02:45:00,0,12,0.94379997253418,0
1503960366,2016-04-12 02:46:00,0,10,0.786499977111816,0
1503960366,2016-04-12 02:47:00,0,12,0.94379997253418,0
1503960366,2016-04-12 02:48:00,0,10,0.786499977111816,0
1503960366,2016-04-12 02:49:00,0,10,0.786499977111816,0
1503960366,2016-04-12 02:50:00,0,10,0.786499977111816,0
1503960366,2016-04-12 02:51:00,0,10,0.786499977111816,0
1503960366,2016-04-12 02:52:00,0,10,0.786499977111816,0
1503960366,2016-04-12 02:53:00,0,10,0.786499977111816,0
1503960366,2016-04-12 02:54:00,0,10,0.786499977111816,0
1503960366,2016-04-12 02:55:00,1,30,2.35949993133545,20
1503960366,2016-04-12 02:56:00,0,12,0.94379997253418,0
1503960366,2016-04-12 02:57:00,1,36,2.83139991760254,39
1503960366,2016-04-12 02:58:00,1,28,2.20219993591309,14
1503960366,2016-04-12 02:59:00,0,10,0.786499977111816,0
1503960366,2016-04-12 03:00:00,0,10,0.786499977111816,0
1503960366,2016-04-12 03:01:00,0,10,0.786499977111816,0
1503960366,2016-04-12 03:02:00,0,10,0.786499977111816,0
1503960366,2016-04-12 03:03:00,0,10,0.786499977111816,0
1503960366,2016-04-12 03:04:00,0,10,0.786499977111816,0
1503960366,2016-04-12 03:05:00,0,10,0.786499977111816,0
1503960366,2016-04-12 03:06:00,0,10,0.786499977111816,0
1503960366,2016-04-12 03:07:00,0,10,0.786499977111816,0
1503960366,2016-04-12 03:08:00,0,10,0.786499977111816,0
1503960366,2016-04-12 03:09:00,0,10,0.786499977111816,0
1503960366,2016-04-12 03:10:00,0,10,0.786499977111816,0
1503960366,2016-04-12 03:11:00,0,10,0.786499977111816,0
1503960366,2016-04-12 03:12:00,0,10,0.786499977111816,0
1503960366,2016-04-12 03:13:00,0,10,0.786499977111816,0
1503960366,2016-04-12 03:14:00,0,10,0.786499977111816,0
1503960366,2016-04-12 03:15:00,0,10,0.786499977111816,0
1503960366,2016-04-12 03:16:00,0,10,0.786499977111816,0
1503960366,2016-04-12 03:17:00,0,10,0.786499977111816,0
1503960366,2016-04-12 03:18:00,0,10,0.786499977111816,0
1503960366,2016-04-12 03:19:00,0,10,0.786499977111816,0
1503960366,2016-04-12 03:20:00,0,10,0.786499977111816,0
1503960366,2016-04-12 03:21:00,0,10,0.786499977111816,0
1503960366,2016-04-12 03:22:00,0,10,0.786499977111816,0
1503960366,2016-04-12 03:23:00,0,10,0.786499977111816,0
1503960366,2016-04-12 03:24:00,0,10,0.786499977111816,0
1503960366,2016-04-12 03:25:00,0,10,0.786499977111816,0
1503960366,2016-04-12 03:26:00,0,10,0.786499977111816,0
1503960366,2016-04-12 03:27:00,0,10,0.786499977111816,0
1503960366,2016-04-12 03:28:00,0,10,0.786499977111816,0
1503960366,2016-04-12 03:29:00,0,10,0.786499977111816,0
1503960366,2016-04-12 03:30:00,0,10,0.786499977111816,0
1503960366,2016-04-12 03:31:00,0,10,0.786499977111816,0
1503960366,2016-04-12 03:32:00,0,10,0.786499977111816,0
1503960366,2016-04-12 03:33:00,0,10,0.786499977111816,0
1503960366,2016-04-12 03:34:00,0,10,0.786499977111816,0
1503960366,2016-04-12 03:35:00,0,10,0.786499977111816,0
1503960366,2016-04-12 03:36:00,0,10,0.786499977111816,0
1503960366,2016-04-12 03:37:00,0,10,0.786499977111816,0
1503960366,2016-04-12 03:38:00,0,10,0.786499977111816,0
1503960366,2016-04-12 03:39:00,0,10,0.786499977111816,0
1503960366,2016-04-12 03:40:00,0,10,0.786499977111816,0
1503960366,2016-04-12 03:41:00,0,10,0.786499977111816,0
1503960366,2016-04-12 03:42:00,0,10,0.786499977111816,0
1503960366,2016-04-12 03:43:00,0,10,0.786499977111816,0
1503960366,2016-04-12 03:44:00,0,10,0.786499977111816,0
1503960366,2016-04-12 03:45:00,0,10,0.786499977111816,0
1503960366,2016-04-12 03:46:00,0,10,0.786499977111816,0
1503960366,2016-04-12 03:47:00,0,10,0.786499977111816,0
1503960366,2016-04-12 03:48:00,0,10,0.786499977111816,0
1503960366,2016-04-12 03:49:00,0,10,0.786499977111816,0
1503960366,2016-04-12 03:50:00,0,10,0.786499977111816,0
1503960366,2016-04-12 03:51:00,0,10,0.786499977111816,0
1503960366,2016-04-12 03:52:00,0,10,0.786499977111816,0
1503960366,2016-04-12 03:53:00,0,10,0.786499977111816,0
1503960366,2016-04-12 03:54:00,0,10,0.786499977111816,0
1503960366,2016-04-12 03:55:00,0,10,0.786499977111816,0
1503960366,2016-04-12 03:56:00,0,10,0.786499977111816,0
1503960366,2016-04-12 03:57:00,0,10,0.786499977111816,0
1503960366,2016-04-12 03:58:00,0,10,0.786499977111816,0
1503960366,2016-04-12 03:59:00,0,10,0.786499977111816,0
1503960366,2016-04-12 04:00:00,0,10,0.786499977111816,0
1503960366,2016-04-12 04:01:00,0,10,0.786499977111816,0
1503960366,2016-04-12 04:02:00,0,10,0.786499977111816,0
1503960366,2016-04-12 04:03:00,0,10,0.786499977111816,0
1503960366,2016-04-12 04:04:00,0,10,0.786499977111816,0
1503960366,2016-04-12 04:05:00,0,10,0.786499977111816,0
1503960366,2016-04-12 04:06:00,0,10,0.786499977111816,0
1503960366,2016-04-12 04:07:00,0,10,0.786499977111816,0
1503960366,2016-04-12 04:08:00,0,10,0.786499977111816,0
1503960366,2016-04-12 04:09:00,0,10,0.786499977111816,0
1503960366,2016-04-12 04:10:00,0,10,0.786499977111816,0
1503960366,2016-04-12 04:11:00,0,10,0.786499977111816,0
1503960366,2016-04-12 04:12:00,0,10,0.786499977111816,0
1503960366,2016-04-12 04:13:00,0,10,0.786499977111816,0
1503960366,2016-04-12 04:14:00,0,10,0.786499977111816,0
1503960366,2016-04-12 04:15:00,0,10,0.786499977111816,0
1503960366,2016-04-12 04:16:00,0,10,0.786499977111816,0
1503960366,2016-04-12 04:17:00,0,10,0.786499977111816,0
1503960366,2016-04-12 04:18:00,0,10,0.786499977111816,0
1503960366,2016-04-12 04:19:00,0,10,0.786499977111816,0
1503960366,2016-04-12 04:20:00,0,10,0.786499977111816,0
1503960366,2016-04-12 04:21:00,0,10,0.786499977111816,0
1503960366,2016-04-12 04:22:00,0,10,0.786499977111816,0
1503960366,2016-04-12 04:23:00,0,10,0.786499977111816,0
1503960366,2016-04-12 04:24:00,0,10,0.786499977111816,0
1503960366,2016-04-12 04:25:00,0,10,0.786499977111816,0
1503960366,2016-04-12 04:26:00,0,10,0.786499977111816,0
1503960366,2016-04-12 04:27:00,0,10,0.786499977111816,0
1503960366,2016-04-12 04:28:00,0,10,0.786499977111816,0
1503960366,2016-04-12 04:29:00,0,10,0.786499977111816,0
1503960366,2016-04-12 04:30:00,0,10,0.786499977111816,0
1503960366,2016-04-12 04:31:00,0,10,0.786499977111816,0
1503960366,2016-04-12 04:32:00,0,10,0.786499977111816,0
1503960366,2016-04-12 04:33:00,0,10,0.786499977111816,0
1503960366,2016-04-12 04:34:00,0,10,0.786499977111816,0
1503960366,2016-04-12 04:35:00,0,10,0.786499977111816,0
1503960366,2016-04-12 04:36:00,0,10,0.786499977111816,0
1503960366,2016-04-12 04:37:00,0,10,0.786499977111816,0
1503960366,2016-04-12 04:38:00,0,10,0.786499977111816,0
1503960366,2016-04-12 04:39:00,0,10,0.786499977111816,0
1503960366,2016-04-12 04:40:00,0,10,0.786499977111816,0
1503960366,2016-04-12 04:41:00,0,10,0.786499977111816,0
1503960366,2016-04-12 04:42:00,0,10,0.786499977111816,0
1503960366,2016-04-12 04:43:00,0,12,0.94379997253418,0
1503960366,2016-04-12 04:44:00,0,10,0.786499977111816,0
1503960366,2016-04-12 04:45:00,0,10,0.786499977111816,0
1503960366,2016-04-12 04:46:00,0,10,0.786499977111816,0
1503960366,2016-04-12 04:47:00,0,10,0.786499977111816,0
1503960366,2016-04-12 04:48:00,0,10,0.786499977111816,0
1503960366,2016-04-12 04:49:00,0,10,0.786499977111816,0
1503960366,2016-04-12 04:50:00,0,10,0.786499977111816,0
1503960366,2016-04-12 04:51:00,0,10,0.786499977111816,0
1503960366,2016-04-12 04:52:00,0,10,0.786499977111816,0
1503960366,2016-04-12 04:53:00,0,10,0.786499977111816,0
1503960366,2016-04-12 04:54:00,0,10,0.786499977111816,0
1503960366,2016-04-12 04:55:00,0,10,0.786499977111816,0
1503960366,2016-04-12 04:56:00,0,10,0.786499977111816,0
1503960366,2016-04-12 04:57:00,0,10,0.786499977111816,0
1503960366,2016-04-12 04:58:00,0,12,0.94379997253418,0
1503960366,2016-04-12 04:59:00,0,10,0.786499977111816,0
1503960366,2016-04-12 05:00:00,0,10,0.786499977111816,0
1503960366,2016-04-12 05:01:00,0,10,0.786499977111816,0
1503960366,2016-04-12 05:02:00,0,10,0.786499977111816,0
1503960366,2016-04-12 05:03:00,0,10,0.786499977111816,0
1503960366,2016-04-12 05:04:00,0,10,0.786499977111816,0
1503960366,2016-04-12 05:05:00,0,10,0.786499977111816,0
1503960366,2016-04-12 05:06:00,0,10,0.786499977111816,0
1503960366,2016-04-12 05:07:00,0,10,0.786499977111816,0
1503960366,2016-04-12 05:08:00,0,10,0.786499977111816,0
1503960366,2016-04-12 05:09:00,0,10,0.786499977111816,0
1503960366,2016-04-12 05:10:00,0,10,0.786499977111816,0
1503960366,2016-04-12 05:11:00,0,10,0.786499977111816,0
1503960366,2016-04-12 05:12:00,0,10,0.786499977111816,0
1503960366,2016-04-12 05:13:00,0,10,0.786499977111816,0
1503960366,2016-04-12 05:14:00,0,10,0.786499977111816,0
1503960366,2016-04-12 05:15:00,0,10,0.786499977111816,0
1503960366,2016-04-12 05:16:00,0,10,0.786499977111816,0
1503960366,2016-04-12 05:17:00,0,12,0.94379997253418,0
1503960366,2016-04-12 05:18:00,0,10,0.786499977111816,0
1503960366,2016-04-12 05:19:00,0,12,0.94379997253418,0
1503960366,2016-04-12 05:20:00,0,10,0.786499977111816,0
1503960366,2016-04-12 05:21:00,0,10,0.786499977111816,0
1503960366,2016-04-12 05:22:00,0,10,0.786499977111816,0
1503960366,2016-04-12 05:23:00,0,10,0.786499977111816,0
1503960366,2016-04-12 05:24:00,0,10,0.786499977111816,0
1503960366,2016-04-12 05:25:00,0,10,0.786499977111816,0
1503960366,2016-04-12 05:26:00,0,10,0.786499977111816,0
1503960366,2016-04-12 05:27:00,0,10,0.786499977111816,0
1503960366,2016-04-12 05:28:00,0,10,0.786499977111816,0
1503960366,2016-04-12 05:29:00,0,10,0.786499977111816,0
1503960366,2016-04-12 05:30:00,0,10,0.786499977111816,0
1503960366,2016-04-12 05:31:00,0,10,0.786499977111816,0
1503960366,2016-04-12 05:32:00,0,10,0.786499977111816,0
1503960366,2016-04-12 05:33:00,0,10,0.786499977111816,0
1503960366,2016-04-12 05:34:00,0,10,0.786499977111816,0
1503960366,2016-04-12 05:35:00,0,10,0.786499977111816,0
1503960366,2016-04-12 05:36:00,0,10,0.786499977111816,0
1503960366,2016-04-12 05:37:00,0,10,0.786499977111816,0
1503960366,2016-04-12 05:38:00,0,10,0.786499977111816,0
1503960366,2016-04-12 05:39:00,0,10,0.786499977111816,0
1503960366,2016-04-12 05:40:00,0,10,0.786499977111816,0
1503960366,2016-04-12 05:41:00,0,10,0.786499977111816,0
1503960366,2016-04-12 05:42:00,0,10,0.786499977111816,0
1503960366,2016-04-12 05:43:00,0,10,0.786499977111816,0
1503960366,2016-04-12 05:44:00,0,10,0.786499977111816,0
1503960366,2016-04-12 05:45:00,0,10,0.786499977111816,0
1503960366,2016-04-12 05:46:00,0,10,0.786499977111816,0
1503960366,2016-04-12 05:47:00,0,10,0.786499977111816,0
1503960366,2016-04-12 05:48:00,0,10,0.786499977111816,0
1503960366,2016-04-12 05:49:00,0,10,0.786499977111816,0
1503960366,2016-04-12 05:50:00,0,10,0.786499977111816,0
1503960366,2016-04-12 05:51:00,0,10,0.786499977111816,0
1503960366,2016-04-12 05:52:00,0,10,0.786499977111816,0
1503960366,2016-04-12 05:53:00,0,10,0.786499977111816,0
1503960366,2016-04-12 05:54:00,0,10,0.786499977111816,0
1503960366,2016-04-12 05:55:00,0,10,0.786499977111816,0
1503960366,2016-04-12 05:56:00,0,10,0.786499977111816,0
1503960366,2016-04-12 05:57:00,0,10,0.786499977111816,0
1503960366,2016-04-12 05:58:00,0,10,0.786499977111816,0
1503960366,2016-04-12 05:59:00,0,10,0.786499977111816,0
1503960366,2016-04-12 06:00:00,0,10,0.786499977111816,0
1503960366,2016-04-12 06:01:00,0,10,0.786499977111816,0
1503960366,2016-04-12 06:02:00,0,10,0.786499977111816,0
1503960366,2016-04-12 06:03:00,0,10,0.786499977111816,0
1503960366,2016-04-12 06:04:00,0,10,0.786499977111816,0
1503960366,2016-04-12 06:05:00,0,10,0.786499977111816,0
1503960366,2016-04-12 06:06:00,0,10,0.786499977111816,0
1503960366,2016-04-12 06:07:00,0,10,0.786499977111816,0
1503960366,2016-04-12 06:08:00,0,10,0.786499977111816,0
1503960366,2016-04-12 06:09:00,0,10,0.786499977111816,0
1503960366,2016-04-12 06:10:00,0,10,0.786499977111816,0
1503960366,2016-04-12 06:11:00,0,10,0.786499977111816,0
1503960366,2016-04-12 06:12:00,0,10,0.786499977111816,0
1503960366,2016-04-12 06:13:00,0,10,0.786499977111816,0
1503960366,2016-04-12 06:14:00,0,10,0.786499977111816,0
1503960366,2016-04-12 06:15:00,0,10,0.786499977111816,0
1503960366,2016-04-12 06:16:00,0,10,0.786499977111816,0
1503960366,2016-04-12 06:17:00,0,10,0.786499977111816,0
1503960366,2016-04-12 06:18:00,0,10,0.786499977111816,0
1503960366,2016-04-12 06:19:00,0,10,0.786499977111816,0
1503960366,2016-04-12 06:20:00,0,10,0.786499977111816,0
1503960366,2016-04-12 06:21:00,0,10,0.786499977111816,0
1503960366,2016-04-12 06:22:00,0,12,0.94379997253418,0
1503960366,2016-04-12 06:23:00,0,10,0.786499977111816,0
1503960366,2016-04-12 06:24:00,0,10,0.786499977111816,0
1503960366,2016-04-12 06:25:00,0,10,0.786499977111816,0
1503960366,2016-04-12 06:26:00,0,10,0.786499977111816,0
1503960366,2016-04-12 06:27:00,0,10,0.786499977111816,0
1503960366,2016-04-12 06:28:00,0,10,0.786499977111816,0
1503960366,2016-04-12 06:29:00,0,10,0.786499977111816,0
1503960366,2016-04-12 06:30:00,0,10,0.786499977111816,0
1503960366,2016-04-12 06:31:00,0,10,0.786499977111816,0
1503960366,2016-04-12 06:32:00,0,10,0.786499977111816,0
1503960366,2016-04-12 06:33:00,0,10,0.786499977111816,0
1503960366,2016-04-12 06:34:00,0,10,0.786499977111816,0
1503960366,2016-04-12 06:35:00,0,10,0.786499977111816,0
1503960366,2016-04-12 06:36:00,0,10,0.786499977111816,0
1503960366,2016-04-12 06:37:00,0,10,0.786499977111816,0
1503960366,2016-04-12 06:38:00,0,10,0.786499977111816,0
1503960366,2016-04-12 06:39:00,0,12,0.94379997253418,0
1503960366,2016-04-12 06:40:00,0,10,0.786499977111816,0
1503960366,2016-04-12 06:41:00,0,10,0.786499977111816,0
1503960366,2016-04-12 06:42:00,0,10,0.786499977111816,0
1503960366,2016-04-12 06:43:00,0,10,0.786499977111816,0
1503960366,2016-04-12 06:44:00,0,10,0.786499977111816,0
1503960366,2016-04-12 06:45:00,0,10,0.786499977111816,0
1503960366,2016-04-12 06:46:00,0,10,0.786499977111816,0
1503960366,2016-04-12 06:47:00,0,10,0.786499977111816,0
1503960366,2016-04-12 06:48:00,0,10,0.786499977111816,0
1503960366,2016-04-12 06:49:00,0,10,0.786499977111816,0
1503960366,2016-04-12 06:50:00,0,10,0.786499977111816,0
1503960366,2016-04-12 06:51:00,0,10,0.786499977111816,0
1503960366,2016-04-12 06:52:00,0,10,0.786499977111816,0
1503960366,2016-04-12 06:53:00,0,10,0.786499977111816,0
1503960366,2016-04-12 06:54:00,0,10,0.786499977111816,0
1503960366,2016-04-12 06:55:00,0,10,0.786499977111816,0
1503960366,2016-04-12 06:56:00,0,10,0.786499977111816,0
1503960366,2016-04-12 06:57:00,0,10,0.786499977111816,0
1503960366,2016-04-12 06:58:00,0,10,0.786499977111816,0
1503960366,2016-04-12 06:59:00,0,10,0.786499977111816,0
1503960366,2016-04-12 07:00:00,0,10,0.786499977111816,0
1503960366,2016-04-12 07:01:00,0,10,0.786499977111816,0
1503960366,2016-04-12 07:02:00,0,10,0.786499977111816,0
1503960366,2016-04-12 07:03:00,0,10,0.786499977111816,0
1503960366,2016-04-12 07:04:00,0,10,0.786499977111816,0
1503960366,2016-04-12 07:05:00,0,10,0.786499977111816,0
1503960366,2016-04-12 07:06:00,0,10,0.786499977111816,0
1503960366,2016-04-12 07:07:00,0,10,0.786499977111816,0
1503960366,2016-04-12 07:08:00,0,10,0.786499977111816,0
1503960366,2016-04-12 07:09:00,0,10,0.786499977111816,0
1503960366,2016-04-12 07:10:00,0,10,0.786499977111816,0
1503960366,2016-04-12 07:11:00,0,10,0.786499977111816,0
1503960366,2016-04-12 07:12:00,0,10,0.786499977111816,0
1503960366,2016-04-12 07:13:00,0,10,0.786499977111816,0
1503960366,2016-04-12 07:14:00,0,10,0.786499977111816,0
1503960366,2016-04-12 07:15:00,0,10,0.786499977111816,0
1503960366,2016-04-12 07:16:00,0,10,0.786499977111816,0
1503960366,2016-04-12 07:17:00,0,10,0.786499977111816,0
1503960366,2016-04-12 07:18:00,0,10,0.786499977111816,0
1503960366,2016-04-12 07:19:00,0,10,0.786499977111816,0
1503960366,2016-04-12 07:20:00,0,10,0.786499977111816,0
1503960366,2016-04-12 07:21:00,0,10,0.786499977111816,0
1503960366,2016-04-12 07:22:00,0,10,0.786499977111816,0
1503960366,2016-04-12 07:23:00,0,10,0.786499977111816,0
1503960366,2016-04-12 07:24:00,0,12,0.94379997253418,0
1503960366,2016-04-12 07:25:00,0,10,0.786499977111816,0
1503960366,2016-04-12 07:26:00,0,10,0.786499977111816,0
1503960366,2016-04-12 07:27:00,0,10,0.786499977111816,0
1503960366,2016-04-12 07:28:00,0,10,0.786499977111816,0
1503960366,2016-04-12 07:29:00,0,10,0.786499977111816,0
1503960366,2016-04-12 07:30:00,0,10,0.786499977111816,0
1503960366,2016-04-12 07:31:00,0,10,0.786499977111816,0
1503960366,2016-04-12 07:32:00,0,10,0.786499977111816,0
1503960366,2016-04-12 07:33:00,0,10,0.786499977111816,0
1503960366,2016-04-12 07:34:00,0,10,0.786499977111816,0
1503960366,2016-04-12 07:35:00,0,10,0.786499977111816,0
1503960366,2016-04-12 07:36:00,0,10,0.786499977111816,0
1503960366,2016-04-12 07:37:00,0,10,0.786499977111816,0
1503960366,2016-04-12 07:38:00,0,10,0.786499977111816,0
1503960366,2016-04-12 07:39:00,0,10,0.786499977111816,0
1503960366,2016-04-12 07:40:00,0,10,0.786499977111816,0
1503960366,2016-04-12 07:41:00,0,10,0.786499977111816,0
1503960366,2016-04-12 07:42:00,0,10,0.786499977111816,0
1503960366,2016-04-12 07:43:00,0,10,0.786499977111816,0
1503960366,2016-04-12 07:44:00,0,10,0.786499977111816,0
1503960366,2016-04-12 07:45:00,0,10,0.786499977111816,0
1503960366,2016-04-12 07:46:00,0,10,0.786499977111816,0
1503960366,2016-04-12 07:47:00,0,10,0.786499977111816,0
1503960366,2016-04-12 07:48:00,0,10,0.786499977111816,0
1503960366,2016-04-12 07:49:00,0,10,0.786499977111816,0
1503960366,2016-04-12 07:50:00,0,10,0.786499977111816,0
1503960366,2016-04-12 07:51:00,0,10,0.786499977111816,0
1503960366,2016-04-12 07:52:00,0,10,0.786499977111816,0
1503960366,2016-04-12 07:53:00,0,10,0.786499977111816,0
1503960366,2016-04-12 07:54:00,0,10,0.786499977111816,0
1503960366,2016-04-12 07:55:00,0,10,0.786499977111816,0
1503960366,2016-04-12 07:56:00,0,10,0.786499977111816,0
1503960366,2016-04-12 07:57:00,0,10,0.786499977111816,0
1503960366,2016-04-12 07:58:00,0,10,0.786499977111816,0
1503960366,2016-04-12 07:59:00,0,10,0.786499977111816,0
1503960366,2016-04-12 08:00:00,0,10,0.786499977111816,0
1503960366,2016-04-12 08:01:00,0,10,0.786499977111816,0
1503960366,2016-04-12 08:02:00,0,10,0.786499977111816,0
1503960366,2016-04-12 08:03:00,0,10,0.786499977111816,0
1503960366,2016-04-12 08:04:00,0,10,0.786499977111816,0
1503960366,2016-04-12 08:05:00,0,10,0.786499977111816,0
1503960366,2016-04-12 08:06:00,0,10,0.786499977111816,0
1503960366,2016-04-12 08:07:00,0,10,0.786499977111816,0
1503960366,2016-04-12 08:08:00,0,10,0.786499977111816,0
1503960366,2016-04-12 08:09:00,0,10,0.786499977111816,0
1503960366,2016-04-12 08:10:00,0,10,0.786499977111816,0
1503960366,2016-04-12 08:11:00,0,10,0.786499977111816,0
1503960366,2016-04-12 08:12:00,0,10,0.786499977111816,0
1503960366,2016-04-12 08:13:00,0,10,0.786499977111816,0
1503960366,2016-04-12 08:14:00,0,10,0.786499977111816,0
1503960366,2016-04-12 08:15:00,0,10,0.786499977111816,0
1503960366,2016-04-12 08:16:00,0,10,0.786499977111816,0
1503960366,2016-04-12 08:17:00,0,10,0.786499977111816,0
1503960366,2016-04-12 08:18:00,0,10,0.786499977111816,0
1503960366,2016-04-12 08:19:00,0,10,0.786499977111816,0
1503960366,2016-04-12 08:20:00,0,10,0.786499977111816,0
1503960366,2016-04-12 08:21:00,0,10,0.786499977111816,0
1503960366,2016-04-12 08:22:00,0,10,0.786499977111816,0
1503960366,2016-04-12 08:23:00,0,10,0.786499977111816,0
1503960366,2016-04-12 08:24:00,0,10,0.786499977111816,0
1503960366,2016-04-12 08:25:00,0,10,0.786499977111816,0
1503960366,2016-04-12 08:26:00,0,10,0.786499977111816,0
1503960366,2016-04-12 08:27:00,0,10,0.786499977111816,0
1503960366,2016-04-12 08:28:00,0,10,0.786499977111816,0
1503960366,2016-04-12 08:29:00,0,10,0.786499977111816,0
1503960366,2016-04-12 08:30:00,0,10,0.786499977111816,0
1503960366,2016-04-12 08:31:00,0,10,0.786499977111816,0
1503960366,2016-04-12 08:32:00,0,10,0.786499977111816,0
1503960366,2016-04-12 08:33:00,0,10,0.786499977111816,0
1503960366,2016-04-12 08:34:00,0,12,0.94379997253418,0
1503960366,2016-04-12 08:35:00,1,30,2.35949993133545,22
1503960366,2016-04-12 08:36:00,0,12,0.94379997253418,0
1503960366,2016-04-12 08:37:00,1,32,2.51679992675781,29
1503960366,2016-04-12 08:38:00,1,28,2.20219993591309,13
1503960366,2016-04-12 08:39:00,0,12,0.94379997253418,0
1503960366,2016-04-12 08:40:00,1,28,2.20219993591309,19
1503960366,2016-04-12 08:41:00,0,12,0.94379997253418,0
1503960366,2016-04-12 08:42:00,0,10,0.786499977111816,0
1503960366,2016-04-12 08:43:00,0,12,0.94379997253418,0
1503960366,2016-04-12 08:44:00,1,34,2.67409992218018,36
1503960366,2016-04-12 08:45:00,1,30,2.35949993133545,20
1503960366,2016-04-12 08:46:00,1,28,2.20219993591309,19
1503960366,2016-04-12 08:47:00,0,12,0.94379997253418,0
1503960366,2016-04-12 08:48:00,1,32,2.51679992675781,32
1503960366,2016-04-12 08:49:00,1,24,1.88759994506836,3
1503960366,2016-04-12 08:50:00,1,28,2.20219993591309,14
1503960366,2016-04-12 08:51:00,1,28,2.20219993591309,16
1503960366,2016-04-12 08:52:00,1,26,2.04489994049072,9
1503960366,2016-04-12 08:53:00,0,12,0.94379997253418,0
1503960366,2016-04-12 08:54:00,0,12,0.94379997253418,0
1503960366,2016-04-12 08:55:00,0,10,0.786499977111816,0
1503960366,2016-04-12 08:56:00,0,10,0.786499977111816,0
1503960366,2016-04-12 08:57:00,0,12,0.94379997253418,0
1503960366,2016-04-12 08:58:00,1,28,2.20219993591309,18
1503960366,2016-04-12 08:59:00,0,12,0.94379997253418,0
1503960366,2016-04-12 09:00:00,1,36,2.83139991760254,39
1503960366,2016-04-12 09:01:00,1,36,2.83139991760254,45
1503960366,2016-04-12 09:02:00,1,30,2.35949993133545,24
1503960366,2016-04-12 09:03:00,1,34,2.67409992218018,38
1503960366,2016-04-12 09:04:00,1,36,2.83139991760254,44
1503960366,2016-04-12 09:05:00,1,28,2.20219993591309,13
1503960366,2016-04-12 09:06:00,1,30,2.35949993133545,24
1503960366,2016-04-12 09:07:00,1,30,2.35949993133545,23
1503960366,2016-04-12 09:08:00,1,34,2.67409992218018,35
1503960366,2016-04-12 09:09:00,0,12,0.94379997253418,0
1503960366,2016-04-12 09:10:00,1,30,2.35949993133545,25
1503960366,2016-04-12 09:11:00,1,76,5.9773998260498,119
1503960366,2016-04-12 09:12:00,1,85,6.68524980545044,132
1503960366,2016-04-12 09:13:00,1,97,7.62904977798462,132
1503960366,2016-04-12 09:14:00,1,99,7.78634977340698,134
1503960366,2016-04-12 09:15:00,1,90,7.07849979400635,122
1503960366,2016-04-12 09:16:00,1,36,2.83139991760254,39
1503960366,2016-04-12 09:17:00,0,10,0.786499977111816,0
1503960366,2016-04-12 09:18:00,0,10,0.786499977111816,0
1503960366,2016-04-12 09:19:00,0,10,0.786499977111816,0
1503960366,2016-04-12 09:20:00,0,10,0.786499977111816,0
1503960366,2016-04-12 09:21:00,0,10,0.786499977111816,0
1503960366,2016-04-12 09:22:00,0,10,0.786499977111816,0
1503960366,2016-04-12 09:23:00,0,10,0.786499977111816,0
1503960366,2016-04-12 09:24:00,0,10,0.786499977111816,0
1503960366,2016-04-12 09:25:00,0,10,0.786499977111816,0
1503960366,2016-04-12 09:26:00,0,10,0.786499977111816,0
1503960366,2016-04-12 09:27:00,0,10,0.786499977111816,0
1503960366,2016-04-12 09:28:00,0,10,0.786499977111816,0
1503960366,2016-04-12 09:29:00,0,10,0.786499977111816,0
1503960366,2016-04-12 09:30:00,0,10,0.786499977111816,0
1503960366,2016-04-12 09:31:00,0,10,0.786499977111816,0
1503960366,2016-04-12 09:32:00,0,10,0.786499977111816,0
1503960366,2016-04-12 09:33:00,0,10,0.786499977111816,0
1503960366,2016-04-12 09:34:00,0,10,0.786499977111816,0
1503960366,2016-04-12 09:35:00,0,10,0.786499977111816,0
1503960366,2016-04-12 09:36:00,0,10,0.786499977111816,0
1503960366,2016-04-12 09:37:00,1,34,2.67409992218018,36
1503960366,2016-04-12 09:38:00,1,40,3.14599990844727,52
1503960366,2016-04-12 09:39:00,1,66,5.19089984893799,100
1503960366,2016-04-12 09:40:00,1,78,6.13469982147217,123
1503960366,2016-04-12 09:41:00,1,58,4.56169986724854,87
1503960366,2016-04-12 09:42:00,1,26,2.04489994049072,10
1503960366,2016-04-12 09:43:00,0,12,0.94379997253418,0
1503960366,2016-04-12 09:44:00,0,10,0.786499977111816,0
1503960366,2016-04-12 09:45:00,0,10,0.786499977111816,0
1503960366,2016-04-12 09:46:00,0,10,0.786499977111816,0
1503960366,2016-04-12 09:47:00,1,42,3.30329990386963,63
1503960366,2016-04-12 09:48:00,1,56,4.40439987182617,84
1503960366,2016-04-12 09:49:00,1,76,5.9773998260498,118
1503960366,2016-04-12 09:50:00,1,64,5.03359985351563,99
1503960366,2016-04-12 09:51:00,1,26,2.04489994049072,8
1503960366,2016-04-12 09:52:00,1,50,3.93249988555908,74
1503960366,2016-04-12 09:53:00,0,12,0.94379997253418,0
1503960366,2016-04-12 09:54:00,0,12,0.94379997253418,0
1503960366,2016-04-12 09:55:00,0,12,0.94379997253418,0
1503960366,2016-04-12 09:56:00,1,28,2.20219993591309,15
1503960366,2016-04-12 09:57:00,0,12,0.94379997253418,0
1503960366,2016-04-12 09:58:00,1,26,2.04489994049072,7
1503960366,2016-04-12 09:59:00,0,12,0.94379997253418,0
1503960366,2016-04-12 10:00:00,0,12,0.94379997253418,0
1503960366,2016-04-12 10:01:00,0,12,0.94379997253418,0
1503960366,2016-04-12 10:02:00,1,32,2.51679992675781,31
1503960366,2016-04-12 10:03:00,1,36,2.83139991760254,43
1503960366,2016-04-12 10:04:00,1,28,2.20219993591309,14
1503960366,2016-04-12 10:05:00,1,26,2.04489994049072,10
1503960366,2016-04-12 10:06:00,1,30,2.35949993133545,21
1503960366,2016-04-12 10:07:00,1,32,2.51679992675781,30
1503960366,2016-04-12 10:08:00,1,42,3.30329990386963,63
1503960366,2016-04-12 10:09:00,1,34,2.67409992218018,36
1503960366,2016-04-12 10:10:00,1,26,2.04489994049072,11
1503960366,2016-04-12 10:11:00,1,58,4.56169986724854,88
1503960366,2016-04-12 10:12:00,1,52,4.08979988098145,76
1503960366,2016-04-12 10:13:00,1,28,2.20219993591309,18
1503960366,2016-04-12 10:14:00,1,28,2.20219993591309,13
1503960366,2016-04-12 10:15:00,1,26,2.04489994049072,7
1503960366,2016-04-12 10:16:00,1,26,2.04489994049072,11
1503960366,2016-04-12 10:17:00,0,12,0.94379997253418,0
1503960366,2016-04-12 10:18:00,0,12,0.94379997253418,0
1503960366,2016-04-12 10:19:00,0,12,0.94379997253418,0
1503960366,2016-04-12 10:20:00,0,12,0.94379997253418,0
1503960366,2016-04-12 10:21:00,0,12,0.94379997253418,0
1503960366,2016-04-12 10:22:00,0,12,0.94379997253418,0
1503960366,2016-04-12 10:23:00,0,12,0.94379997253418,0
1503960366,2016-04-12 10:24:00,0,12,0.94379997253418,0
1503960366,2016-04-12 10:25:00,1,24,1.88759994506836,5
1503960366,2016-04-12 10:26:00,0,12,0.94379997253418,0
1503960366,2016-04-12 10:27:00,0,12,0.94379997253418,0
1503960366,2016-04-12 10:28:00,0,12,0.94379997253418,0
1503960366,2016-04-12 10:29:00,1,26,2.04489994049072,9
1503960366,2016-04-12 10:30:00,1,24,1.88759994506836,4
1503960366,2016-04-12 10:31:00,1,24,1.88759994506836,4
1503960366,2016-04-12 10:32:00,0,12,0.94379997253418,0
1503960366,2016-04-12 10:33:00,1,28,2.20219993591309,18
1503960366,2016-04-12 10:34:00,1,28,2.20219993591309,19
1503960366,2016-04-12 10:35:00,0,12,0.94379997253418,0
1503960366,2016-04-12 10:36:00,1,24,1.88759994506836,4
1503960366,2016-04-12 10:37:00,0,12,0.94379997253418,0
1503960366,2016-04-12 10:38:00,0,12,0.94379997253418,0
1503960366,2016-04-12 10:39:00,1,32,2.51679992675781,26
1503960366,2016-04-12 10:40:00,1,38,2.9886999130249,46
1503960366,2016-04-12 10:41:00,0,12,0.94379997253418,0
1503960366,2016-04-12 10:42:00,1,26,2.04489994049072,7
1503960366,2016-04-12 10:43:00,1,24,1.88759994506836,4
1503960366,2016-04-12 10:44:00,0,12,0.94379997253418,0
1503960366,2016-04-12 10:45:00,0,12,0.94379997253418,0
1503960366,2016-04-12 10:46:00,0,12,0.94379997253418,0
1503960366,2016-04-12 10:47:00,0,12,0.94379997253418,0
1503960366,2016-04-12 10:48:00,0,12,0.94379997253418,0
1503960366,2016-04-12 10:49:00,0,12,0.94379997253418,0
1503960366,2016-04-12 10:50:00,1,24,1.88759994506836,6
1503960366,2016-04-12 10:51:00,1,36,2.83139991760254,42
1503960366,2016-04-12 10:52:00,0,12,0.94379997253418,0
1503960366,2016-04-12 10:53:00,0,12,0.94379997253418,0
1503960366,2016-04-12 10:54:00,0,10,0.786499977111816,0
1503960366,2016-04-12 10:55:00,0,12,0.94379997253418,0
1503960366,2016-04-12 10:56:00,1,26,2.04489994049072,10
1503960366,2016-04-12 10:57:00,0,12,0.94379997253418,0
1503960366,2016-04-12 10:58:00,0,12,0.94379997253418,0
1503960366,2016-04-12 10:59:00,0,12,0.94379997253418,0
1503960366,2016-04-12 11:00:00,0,12,0.94379997253418,0
1503960366,2016-04-12 11:01:00,1,24,1.88759994506836,4
1503960366,2016-04-12 11:02:00,0,12,0.94379997253418,0
1503960366,2016-04-12 11:03:00,0,12,0.94379997253418,0
1503960366,2016-04-12 11:04:00,0,12,0.94379997253418,0
1503960366,2016-04-12 11:05:00,0,12,0.94379997253418,0
1503960366,2016-04-12 11:06:00,0,12,0.94379997253418,0
1503960366,2016-04-12 11:07:00,0,12,0.94379997253418,0
1503960366,2016-04-12 11:08:00,1,26,2.04489994049072,11
1503960366,2016-04-12 11:09:00,0,12,0.94379997253418,0
1503960366,2016-04-12 11:10:00,0,10,0.786499977111816,0
1503960366,2016-04-12 11:11:00,0,12,0.94379997253418,0
1503960366,2016-04-12 11:12:00,0,12,0.94379997253418,0
1503960366,2016-04-12 11:13:00,0,12,0.94379997253418,0
1503960366,2016-04-12 11:14:00,0,12,0.94379997253418,0
1503960366,2016-04-12 11:15:00,0,12,0.94379997253418,0
1503960366,2016-04-12 11:16:00,0,12,0.94379997253418,0
1503960366,2016-04-12 11:17:00,0,12,0.94379997253418,0
1503960366,2016-04-12 11:18:00,0,12,0.94379997253418,0
1503960366,2016-04-12 11:19:00,1,26,2.04489994049072,8
1503960366,2016-04-12 11:20:00,0,12,0.94379997253418,0
1503960366,2016-04-12 11:21:00,0,12,0.94379997253418,0
1503960366,2016-04-12 11:22:00,0,12,0.94379997253418,0
1503960366,2016-04-12 11:23:00,1,54,4.24709987640381,78
1503960366,2016-04-12 11:24:00,1,32,2.51679992675781,31
1503960366,2016-04-12 11:25:00,0,12,0.94379997253418,0
1503960366,2016-04-12 11:26:00,0,12,0.94379997253418,0
1503960366,2016-04-12 11:27:00,0,12,0.94379997253418,0
1503960366,2016-04-12 11:28:00,1,44,3.46059989929199,66
1503960366,2016-04-12 11:29:00,1,32,2.51679992675781,28
1503960366,2016-04-12 11:30:00,0,12,0.94379997253418,0
1503960366,2016-04-12 11:31:00,0,12,0.94379997253418,0
1503960366,2016-04-12 11:32:00,1,34,2.67409992218018,33
1503960366,2016-04-12 11:33:00,1,26,2.04489994049072,8
1503960366,2016-04-12 11:34:00,1,38,2.9886999130249,48
1503960366,2016-04-12 11:35:00,1,34,2.67409992218018,34
1503960366,2016-04-12 11:36:00,0,12,0.94379997253418,0
1503960366,2016-04-12 11:37:00,0,10,0.786499977111816,0
1503960366,2016-04-12 11:38:00,0,12,0.94379997253418,0
1503960366,2016-04-12 11:39:00,0,12,0.94379997253418,0
1503960366,2016-04-12 11:40:00,0,12,0.94379997253418,0
1503960366,2016-04-12 11:41:00,0,10,0.786499977111816,0
1503960366,2016-04-12 11:42:00,0,12,0.94379997253418,0
1503960366,2016-04-12 11:43:00,0,12,0.94379997253418,0
1503960366,2016-04-12 11:44:00,0,12,0.94379997253418,0
1503960366,2016-04-12 11:45:00,0,12,0.94379997253418,0
1503960366,2016-04-12 11:46:00,0,12,0.94379997253418,0
1503960366,2016-04-12 11:47:00,0,12,0.94379997253418,0
1503960366,2016-04-12 11:48:00,0,12,0.94379997253418,0
1503960366,2016-04-12 11:49:00,0,12,0.94379997253418,0
1503960366,2016-04-12 11:50:00,0,12,0.94379997253418,0
1503960366,2016-04-12 11:51:00,0,12,0.94379997253418,0
1503960366,2016-04-12 11:52:00,0,12,0.94379997253418,0
1503960366,2016-04-12 11:53:00,0,12,0.94379997253418,0
1503960366,2016-04-12 11:54:00,0,12,0.94379997253418,0
1503960366,2016-04-12 11:55:00,0,12,0.94379997253418,0
1503960366,2016-04-12 11:56:00,0,12,0.94379997253418,0
1503960366,2016-04-12 11:57:00,0,12,0.94379997253418,0
1503960366,2016-04-12 11:58:00,0,12,0.94379997253418,0
1503960366,2016-04-12 11:59:00,1,26,2.04489994049072,11
1503960366,2016-04-12 12:00:00,0,12,0.94379997253418,0
1503960366,2016-04-12 12:01:00,0,12,0.94379997253418,0
1503960366,2016-04-12 12:02:00,1,26,2.04489994049072,11
1503960366,2016-04-12 12:03:00,0,12,0.94379997253418,0
1503960366,2016-04-12 12:04:00,0,12,0.94379997253418,0
1503960366,2016-04-12 12:05:00,0,12,0.94379997253418,0
1503960366,2016-04-12 12:06:00,0,12,0.94379997253418,0
1503960366,2016-04-12 12:07:00,0,10,0.786499977111816,0
1503960366,2016-04-12 12:08:00,0,12,0.94379997253418,0
1503960366,2016-04-12 12:09:00,0,10,0.786499977111816,0
1503960366,2016-04-12 12:10:00,0,12,0.94379997253418,0
1503960366,2016-04-12 12:11:00,0,12,0.94379997253418,0
1503960366,2016-04-12 12:12:00,0,12,0.94379997253418,0
1503960366,2016-04-12 12:13:00,0,12,0.94379997253418,0
1503960366,2016-04-12 12:14:00,0,12,0.94379997253418,0
1503960366,2016-04-12 12:15:00,0,12,0.94379997253418,0
1503960366,2016-04-12 12:16:00,0,12,0.94379997253418,0
1503960366,2016-04-12 12:17:00,0,12,0.94379997253418,0
1503960366,2016-04-12 12:18:00,0,12,0.94379997253418,0
1503960366,2016-04-12 12:19:00,0,12,0.94379997253418,0
1503960366,2016-04-12 12:20:00,0,12,0.94379997253418,0
1503960366,2016-04-12 12:21:00,0,12,0.94379997253418,0
1503960366,2016-04-12 12:22:00,1,24,1.88759994506836,6
1503960366,2016-04-12 12:23:00,1,62,4.87629985809326,93
1503960366,2016-04-12 12:24:00,1,52,4.08979988098145,77
1503960366,2016-04-12 12:25:00,0,12,0.94379997253418,0
1503960366,2016-04-12 12:26:00,0,12,0.94379997253418,0
1503960366,2016-04-12 12:27:00,1,26,2.04489994049072,8
1503960366,2016-04-12 12:28:00,0,12,0.94379997253418,0
1503960366,2016-04-12 12:29:00,0,12,0.94379997253418,0
1503960366,2016-04-12 12:30:00,0,12,0.94379997253418,0
1503960366,2016-04-12 12:31:00,0,12,0.94379997253418,0
1503960366,2016-04-12 12:32:00,0,12,0.94379997253418,0
1503960366,2016-04-12 12:33:00,0,12,0.94379997253418,0
1503960366,2016-04-12 12:34:00,0,12,0.94379997253418,0
1503960366,2016-04-12 12:35:00,0,12,0.94379997253418,0
1503960366,2016-04-12 12:36:00,0,12,0.94379997253418,0
1503960366,2016-04-12 12:37:00,0,12,0.94379997253418,0
1503960366,2016-04-12 12:38:00,0,12,0.94379997253418,0
1503960366,2016-04-12 12:39:00,0,12,0.94379997253418,0
1503960366,2016-04-12 12:40:00,1,26,2.04489994049072,12
1503960366,2016-04-12 12:41:00,0,12,0.94379997253418,0
1503960366,2016-04-12 12:42:00,0,12,0.94379997253418,0
1503960366,2016-04-12 12:43:00,0,12,0.94379997253418,0
1503960366,2016-04-12 12:44:00,1,24,1.88759994506836,4
1503960366,2016-04-12 12:45:00,0,12,0.94379997253418,0
1503960366,2016-04-12 12:46:00,0,12,0.94379997253418,0
1503960366,2016-04-12 12:47:00,0,12,0.94379997253418,0
1503960366,2016-04-12 12:48:00,0,12,0.94379997253418,0
1503960366,2016-04-12 12:49:00,1,26,2.04489994049072,12
1503960366,2016-04-12 12:50:00,0,12,0.94379997253418,0
1503960366,2016-04-12 12:51:00,1,26,2.04489994049072,8
1503960366,2016-04-12 12:52:00,0,10,0.786499977111816,0
1503960366,2016-04-12 12:53:00,1,26,2.04489994049072,12
1503960366,2016-04-12 12:54:00,0,12,0.94379997253418,0
1503960366,2016-04-12 12:55:00,0,12,0.94379997253418,0
1503960366,2016-04-12 12:56:00,0,12,0.94379997253418,0
1503960366,2016-04-12 12:57:00,0,12,0.94379997253418,0
1503960366,2016-04-12 12:58:00,1,26,2.04489994049072,10
1503960366,2016-04-12 12:59:00,0,12,0.94379997253418,0
1503960366,2016-04-12 13:00:00,0,12,0.94379997253418,0
1503960366,2016-04-12 13:01:00,0,12,0.94379997253418,0
1503960366,2016-04-12 13:02:00,0,12,0.94379997253418,0
1503960366,2016-04-12 13:03:00,1,30,2.35949993133545,21
1503960366,2016-04-12 13:04:00,1,26,2.04489994049072,9
1503960366,2016-04-12 13:05:00,0,12,0.94379997253418,0
1503960366,2016-04-12 13:06:00,0,12,0.94379997253418,0
1503960366,2016-04-12 13:07:00,0,12,0.94379997253418,0
1503960366,2016-04-12 13:08:00,0,12,0.94379997253418,0
1503960366,2016-04-12 13:09:00,0,12,0.94379997253418,0
1503960366,2016-04-12 13:10:00,0,12,0.94379997253418,0
1503960366,2016-04-12 13:11:00,0,12,0.94379997253418,0
1503960366,2016-04-12 13:12:00,0,12,0.94379997253418,0
1503960366,2016-04-12 13:13:00,0,12,0.94379997253418,0
1503960366,2016-04-12 13:14:00,0,12,0.94379997253418,0
1503960366,2016-04-12 13:15:00,0,12,0.94379997253418,0
1503960366,2016-04-12 13:16:00,0,12,0.94379997253418,0
1503960366,2016-04-12 13:17:00,0,12,0.94379997253418,0
1503960366,2016-04-12 13:18:00,0,12,0.94379997253418,0
1503960366,2016-04-12 13:19:00,0,12,0.94379997253418,0
1503960366,2016-04-12 13:20:00,0,12,0.94379997253418,0
1503960366,2016-04-12 13:21:00,0,12,0.94379997253418,0
1503960366,2016-04-12 13:22:00,0,12,0.94379997253418,0
1503960366,2016-04-12 13:23:00,1,48,3.77519989013672,69
1503960366,2016-04-12 13:24:00,1,44,3.46059989929199,65
1503960366,2016-04-12 13:25:00,1,24,1.88759994506836,4
1503960366,2016-04-12 13:26:00,0,12,0.94379997253418,0
1503960366,2016-04-12 13:27:00,0,12,0.94379997253418,0
1503960366,2016-04-12 13:28:00,0,12,0.94379997253418,0
1503960366,2016-04-12 13:29:00,0,12,0.94379997253418,0
1503960366,2016-04-12 13:30:00,0,12,0.94379997253418,0
1503960366,2016-04-12 13:31:00,0,12,0.94379997253418,0
1503960366,2016-04-12 13:32:00,0,12,0.94379997253418,0
1503960366,2016-04-12 13:33:00,0,12,0.94379997253418,0
1503960366,2016-04-12 13:34:00,0,12,0.94379997253418,0
1503960366,2016-04-12 13:35:00,0,12,0.94379997253418,0
1503960366,2016-04-12 13:36:00,0,12,0.94379997253418,0
1503960366,2016-04-12 13:37:00,0,12,0.94379997253418,0
1503960366,2016-04-12 13:38:00,0,12,0.94379997253418,0
1503960366,2016-04-12 13:39:00,0,12,0.94379997253418,0
1503960366,2016-04-12 13:40:00,0,12,0.94379997253418,0
1503960366,2016-04-12 13:41:00,0,10,0.786499977111816,0
1503960366,2016-04-12 13:42:00,0,10,0.786499977111816,0
1503960366,2016-04-12 13:43:00,0,12,0.94379997253418,0
1503960366,2016-04-12 13:44:00,1,40,3.14599990844727,53
1503960366,2016-04-12 13:45:00,0,12,0.94379997253418,0
1503960366,2016-04-12 13:46:00,0,12,0.94379997253418,0
1503960366,2016-04-12 13:47:00,0,12,0.94379997253418,0
1503960366,2016-04-12 13:48:00,0,10,0.786499977111816,0
1503960366,2016-04-12 13:49:00,0,10,0.786499977111816,0
1503960366,2016-04-12 13:50:00,0,12,0.94379997253418,0
1503960366,2016-04-12 13:51:00,0,10,0.786499977111816,0
1503960366,2016-04-12 13:52:00,0,10,0.786499977111816,0
1503960366,2016-04-12 13:53:00,0,12,0.94379997253418,0
1503960366,2016-04-12 13:54:00,0,12,0.94379997253418,0
1503960366,2016-04-12 13:55:00,0,12,0.94379997253418,0
1503960366,2016-04-12 13:56:00,0,12,0.94379997253418,0
1503960366,2016-04-12 13:57:00,0,10,0.786499977111816,0
1503960366,2016-04-12 13:58:00,0,10,0.786499977111816,0
1503960366,2016-04-12 13:59:00,0,10,0.786499977111816,0
1503960366,2016-04-12 14:00:00,0,10,0.786499977111816,0
1503960366,2016-04-12 14:01:00,0,12,0.94379997253418,0
1503960366,2016-04-12 14:02:00,0,10,0.786499977111816,0
1503960366,2016-04-12 14:03:00,0,12,0.94379997253418,0
1503960366,2016-04-12 14:04:00,0,12,0.94379997253418,0
1503960366,2016-04-12 14:05:00,0,12,0.94379997253418,0
1503960366,2016-04-12 14:06:00,0,12,0.94379997253418,0
1503960366,2016-04-12 14:07:00,1,24,1.88759994506836,6
1503960366,2016-04-12 14:08:00,0,12,0.94379997253418,0
1503960366,2016-04-12 14:09:00,0,12,0.94379997253418,0
1503960366,2016-04-12 14:10:00,0,12,0.94379997253418,0
1503960366,2016-04-12 14:11:00,0,12,0.94379997253418,0
1503960366,2016-04-12 14:12:00,0,12,0.94379997253418,0
1503960366,2016-04-12 14:13:00,0,12,0.94379997253418,0
1503960366,2016-04-12 14:14:00,0,12,0.94379997253418,0
1503960366,2016-04-12 14:15:00,0,12,0.94379997253418,0
1503960366,2016-04-12 14:16:00,0,12,0.94379997253418,0
1503960366,2016-04-12 14:17:00,0,12,0.94379997253418,0
1503960366,2016-04-12 14:18:00,0,12,0.94379997253418,0
1503960366,2016-04-12 14:19:00,0,12,0.94379997253418,0
1503960366,2016-04-12 14:20:00,0,12,0.94379997253418,0
1503960366,2016-04-12 14:21:00,0,12,0.94379997253418,0
1503960366,2016-04-12 14:22:00,0,12,0.94379997253418,0
1503960366,2016-04-12 14:23:00,0,12,0.94379997253418,0
1503960366,2016-04-12 14:24:00,0,12,0.94379997253418,0
1503960366,2016-04-12 14:25:00,0,12,0.94379997253418,0
1503960366,2016-04-12 14:26:00,0,12,0.94379997253418,0
1503960366,2016-04-12 14:27:00,0,12,0.94379997253418,0
1503960366,2016-04-12 14:28:00,0,12,0.94379997253418,0
1503960366,2016-04-12 14:29:00,0,12,0.94379997253418,0
1503960366,2016-04-12 14:30:00,0,12,0.94379997253418,0
1503960366,2016-04-12 14:31:00,0,12,0.94379997253418,0
1503960366,2016-04-12 14:32:00,0,10,0.786499977111816,0
1503960366,2016-04-12 14:33:00,0,12,0.94379997253418,0
1503960366,2016-04-12 14:34:00,0,12,0.94379997253418,0
1503960366,2016-04-12 14:35:00,0,12,0.94379997253418,0
1503960366,2016-04-12 14:36:00,0,12,0.94379997253418,0
1503960366,2016-04-12 14:37:00,0,12,0.94379997253418,0
1503960366,2016-04-12 14:38:00,0,12,0.94379997253418,0
1503960366,2016-04-12 14:39:00,0,12,0.94379997253418,0
1503960366,2016-04-12 14:40:00,1,40,3.14599990844727,54
1503960366,2016-04-12 14:41:00,1,36,2.83139991760254,39
1503960366,2016-04-12 14:42:00,1,26,2.04489994049072,8
1503960366,2016-04-12 14:43:00,0,12,0.94379997253418,0
1503960366,2016-04-12 14:44:00,1,28,2.20219993591309,19
1503960366,2016-04-12 14:45:00,1,28,2.20219993591309,16
1503960366,2016-04-12 14:46:00,2,48,3.77519989013672,70
1503960366,2016-04-12 14:47:00,1,28,2.20219993591309,16
1503960366,2016-04-12 14:48:00,2,58,4.56169986724854,87
1503960366,2016-04-12 14:49:00,2,40,3.14599990844727,52
1503960366,2016-04-12 14:50:00,2,40,3.14599990844727,54
1503960366,2016-04-12 14:51:00,3,76,5.9773998260498,117
1503960366,2016-04-12 14:52:00,3,81,6.37064981460571,126
1503960366,2016-04-12 14:53:00,3,90,7.07849979400635,121
1503960366,2016-04-12 14:54:00,1,32,2.51679992675781,26
1503960366,2016-04-12 14:55:00,2,38,2.9886999130249,51
1503960366,2016-04-12 14:56:00,2,52,4.08979988098145,77
1503960366,2016-04-12 14:57:00,3,66,5.19089984893799,102
1503960366,2016-04-12 14:58:00,3,60,4.7189998626709,92
1503960366,2016-04-12 14:59:00,1,34,2.67409992218018,33
1503960366,2016-04-12 15:00:00,3,72,5.66279983520508,112
1503960366,2016-04-12 15:01:00,3,89,6.99984979629517,140
1503960366,2016-04-12 15:02:00,3,90,7.07849979400635,122
1503960366,2016-04-12 15:03:00,3,80,6.29199981689453,125
1503960366,2016-04-12 15:04:00,3,80,6.29199981689453,126
1503960366,2016-04-12 15:05:00,3,78,6.13469982147217,121
1503960366,2016-04-12 15:06:00,3,78,6.13469982147217,121
1503960366,2016-04-12 15:07:00,3,78,6.13469982147217,121
1503960366,2016-04-12 15:08:00,3,76,5.9773998260498,117
1503960366,2016-04-12 15:09:00,3,76,5.9773998260498,120
1503960366,2016-04-12 15:10:00,3,78,6.13469982147217,123
1503960366,2016-04-12 15:11:00,3,80,6.29199981689453,126
1503960366,2016-04-12 15:12:00,3,78,6.13469982147217,122
1503960366,2016-04-12 15:13:00,3,74,5.82009983062744,115
1503960366,2016-04-12 15:14:00,2,40,3.14599990844727,55
1503960366,2016-04-12 15:15:00,1,28,2.20219993591309,15
1503960366,2016-04-12 15:16:00,2,50,3.93249988555908,74
1503960366,2016-04-12 15:17:00,0,10,0.786499977111816,0
1503960366,2016-04-12 15:18:00,2,54,4.24709987640381,80
1503960366,2016-04-12 15:19:00,1,26,2.04489994049072,7
1503960366,2016-04-12 15:20:00,0,12,0.94379997253418,0
1503960366,2016-04-12 15:21:00,0,12,0.94379997253418,0
1503960366,2016-04-12 15:22:00,0,12,0.94379997253418,0
1503960366,2016-04-12 15:23:00,0,12,0.94379997253418,0
1503960366,2016-04-12 15:24:00,0,12,0.94379997253418,0
1503960366,2016-04-12 15:25:00,0,10,0.786499977111816,0
1503960366,2016-04-12 15:26:00,0,12,0.94379997253418,0
1503960366,2016-04-12 15:27:00,0,12,0.94379997253418,0
1503960366,2016-04-12 15:28:00,1,26,2.04489994049072,12
1503960366,2016-04-12 15:29:00,0,12,0.94379997253418,0
1503960366,2016-04-12 15:30:00,0,12,0.94379997253418,0
1503960366,2016-04-12 15:31:00,0,10,0.786499977111816,0
1503960366,2016-04-12 15:32:00,1,26,2.04489994049072,8
1503960366,2016-04-12 15:33:00,0,12,0.94379997253418,0
1503960366,2016-04-12 15:34:00,0,12,0.94379997253418,0
1503960366,2016-04-12 15:35:00,0,12,0.94379997253418,0
1503960366,2016-04-12 15:36:00,1,26,2.04489994049072,8
1503960366,2016-04-12 15:37:00,0,12,0.94379997253418,0
1503960366,2016-04-12 15:38:00,0,12,0.94379997253418,0
1503960366,2016-04-12 15:39:00,0,12,0.94379997253418,0
1503960366,2016-04-12 15:40:00,0,10,0.786499977111816,0
1503960366,2016-04-12 15:41:00,0,12,0.94379997253418,0
1503960366,2016-04-12 15:42:00,1,36,2.83139991760254,41
1503960366,2016-04-12 15:43:00,1,32,2.51679992675781,28
1503960366,2016-04-12 15:44:00,0,12,0.94379997253418,0
1503960366,2016-04-12 15:45:00,1,28,2.20219993591309,17
1503960366,2016-04-12 15:46:00,0,12,0.94379997253418,0
1503960366,2016-04-12 15:47:00,0,12,0.94379997253418,0
1503960366,2016-04-12 15:48:00,1,24,1.88759994506836,6
1503960366,2016-04-12 15:49:00,1,24,1.88759994506836,1
1503960366,2016-04-12 15:50:00,0,12,0.94379997253418,0
1503960366,2016-04-12 15:51:00,0,12,0.94379997253418,0
1503960366,2016-04-12 15:52:00,0,12,0.94379997253418,0
1503960366,2016-04-12 15:53:00,0,12,0.94379997253418,0
1503960366,2016-04-12 15:54:00,0,12,0.94379997253418,0
1503960366,2016-04-12 15:55:00,0,12,0.94379997253418,0
1503960366,2016-04-12 15:56:00,0,12,0.94379997253418,0
1503960366,2016-04-12 15:57:00,0,12,0.94379997253418,0
1503960366,2016-04-12 15:58:00,0,12,0.94379997253418,0
1503960366,2016-04-12 15:59:00,0,12,0.94379997253418,0
1503960366,2016-04-12 16:00:00,0,10,0.786499977111816,0
1503960366,2016-04-12 16:01:00,0,12,0.94379997253418,0
1503960366,2016-04-12 16:02:00,0,12,0.94379997253418,0
1503960366,2016-04-12 16:03:00,0,12,0.94379997253418,0
1503960366,2016-04-12 16:04:00,0,12,0.94379997253418,0
1503960366,2016-04-12 16:05:00,0,12,0.94379997253418,0
1503960366,2016-04-12 16:06:00,0,12,0.94379997253418,0
1503960366,2016-04-12 16:07:00,0,12,0.94379997253418,0
1503960366,2016-04-12 16:08:00,0,12,0.94379997253418,0
1503960366,2016-04-12 16:09:00,0,12,0.94379997253418,0
1503960366,2016-04-12 16:10:00,0,12,0.94379997253418,0
1503960366,2016-04-12 16:11:00,0,12,0.94379997253418,0
1503960366,2016-04-12 16:12:00,0,12,0.94379997253418,0
1503960366,2016-04-12 16:13:00,0,12,0.94379997253418,0
1503960366,2016-04-12 16:14:00,0,12,0.94379997253418,0
1503960366,2016-04-12 16:15:00,0,10,0.786499977111816,0
1503960366,2016-04-12 16:16:00,0,12,0.94379997253418,0
1503960366,2016-04-12 16:17:00,1,24,1.88759994506836,4
1503960366,2016-04-12 16:18:00,1,24,1.88759994506836,1
1503960366,2016-04-12 16:19:00,0,12,0.94379997253418,0
1503960366,2016-04-12 16:20:00,0,12,0.94379997253418,0
1503960366,2016-04-12 16:21:00,0,12,0.94379997253418,0
1503960366,2016-04-12 16:22:00,1,30,2.35949993133545,21
1503960366,2016-04-12 16:23:00,1,36,2.83139991760254,44
1503960366,2016-04-12 16:24:00,0,10,0.786499977111816,0
1503960366,2016-04-12 16:25:00,1,28,2.20219993591309,17
1503960366,2016-04-12 16:26:00,0,12,0.94379997253418,0
1503960366,2016-04-12 16:27:00,0,12,0.94379997253418,0
1503960366,2016-04-12 16:28:00,0,12,0.94379997253418,0
1503960366,2016-04-12 16:29:00,0,12,0.94379997253418,0
1503960366,2016-04-12 16:30:00,0,12,0.94379997253418,0
1503960366,2016-04-12 16:31:00,1,36,2.83139991760254,44
1503960366,2016-04-12 16:32:00,1,50,3.93249988555908,74
1503960366,2016-04-12 16:33:00,1,42,3.30329990386963,61
1503960366,2016-04-12 16:34:00,0,12,0.94379997253418,0
1503960366,2016-04-12 16:35:00,1,24,1.88759994506836,4
1503960366,2016-04-12 16:36:00,0,12,0.94379997253418,0
1503960366,2016-04-12 16:37:00,0,12,0.94379997253418,0
1503960366,2016-04-12 16:38:00,0,12,0.94379997253418,0
1503960366,2016-04-12 16:39:00,0,12,0.94379997253418,0
